sample_id,geochronid,analysis_document,usable_flag,reason,parse_status,row_parser_used,table_rows_extracted,non_d_rows,d_rows,group_counts,interpretation_notes,error
112101,112101.1,112101.1.pdf,YES_MODERATE_CONFIDENCE_LEGACY,Legacy table parsed with >=8 analysis rows.,OK_LEGACY,LEGACY_FREEFORM,18,18,0,LEGACY_ROWS:18,"sources of error alone (chi-squared = l.Ol), and corresponding to an age of 1792 & 9 Ma. This is (10.1) within this population is slightly discordant. Analysis 1.1 indicates an age for the core of",
112112,112112.1,112112.1.pdf,YES_MODERATE_CONFIDENCE_LEGACY,Legacy table parsed with >=8 analysis rows.,OK_LEGACY,LEGACY_FREEFORM,43,43,0,LEGACY_ROWS:43,"207Pb/206Pb age of 2730 ± 13 Ma, is interpreted to be of a xenocrystic zircon. Analysis 11.1, with a lower 207Pb/206Pb age of 2558 ± 4 Ma, has a significantly higher U",
112159,112159.1,112159.1.pdf,YES_MODERATE_CONFIDENCE_LEGACY,Legacy table parsed with >=8 analysis rows.,OK_LEGACY,LEGACY_FREEFORM,45,45,0,LEGACY_ROWS:45,"Forty-two samples have 207Pb/206Pb ratios belonging to single population with little excess scatter (chi-squared = 1.28) and indicating an interpreted extrusion age for this volcanic rock of 2692 ± 4 Ma. Analyses 31.1 and 42.1 have lower 207Pb/206Pb and fall statistically outside the main population. These analyses probably reflect some post-crystallization disturbance of these zircons. Analysis 30.1 has a significantly higher 207Pb/206Pb ratio, suggesting that this grain may be a xenocryst. Figure 34. Concordia plot for sample 112159: porphyritic dacite, Royal Arthur 129",
112170,112170.1,112170.1.pdf,YES_MODERATE_CONFIDENCE_LEGACY,Legacy table parsed with >=8 analysis rows.,OK_LEGACY,LEGACY_FREEFORM,19,19,0,LEGACY_ROWS:19,"with no excess scatter (chi-squared = 0.64) and indicating an age of 1851 k 30 Ma. This population, on zircons of detrital origin, provides the maximum age of deposition of the sandstone and indicate an age of 2634 A 14 Ma (group 2). No zircons derived from the 1700 to 1160 Ma",
118990,118990.1,118990.1.pdf,YES_MODERATE_CONFIDENCE_LEGACY,Legacy table parsed with >=8 analysis rows.,OK_LEGACY,LEGACY_FREEFORM,13,13,0,LEGACY_ROWS:13,Analyses 1.1 and 13.1 are concordant and have a pooled 2wPb/238Uage of 283 k 2 Ma. Four 207Pb/206Pb ratios corresponding to an age of 1295 is 32 Ma (chi-squared = 1.47). The zircons of ratios corresponding to an age of 1779 is 70 Ma (chi-squared = 2.04). The high chi-squared value 207Pb/206Pb age of 1764 is 13 Ma ( 1CY error) and provides a maximum age for deposition of the,
133384,133384.1,133384.1.pdf,YES_HIGH_CONFIDENCE,Group I present with >=5 non-D analyses.,OK_UPBDATA,UPBDATA_LINK,21,19,2,D:2; I:19,"is significantly older than the Bryah Group. Geochemical The analyses are concordant to moderately discordant data for mafic and ultramafic rocks suggest a mid-ocean (Fig. 2). One analysis is >5% discordant and one indicates at a mid-ocean ridge, whereas the Bryah Group is thought these two analyses (Group D, Table 1) are unreliable, matrix of plagioclase and clinopyroxene with minor is interpreted as the magmatic crystallization age of the display concentric zoning. A CL image of all zircons is",
142832,142832.1,142832.1.pdf,YES_MODERATE_CONFIDENCE_LEGACY,Legacy table parsed with >=8 analysis rows.,OK_LEGACY,LEGACY_FREEFORM,23,23,0,LEGACY_ROWS:23,"Most analyses are concordant or slightly to highly discordant, with the discordance pattern ratios, many analyses may be assigned to one of 3 groups. Nine concordant and discordant Pb/206Pb ratios defining a single population and indicating a weighted mean date of 3012 ± 4 Ma (chi-squared = 1.38). Three concordant and discordant analyses of 3 zircons (2.1, 11.1 and 17.1), mean date of 2972 ± 7 Ma (chi-squared = 0.07). Three concordant and discordant analyses of 3 population and indicating a weighted mean date of 2988 ± 10 Ma (chi-squared = 0.49). Discordant The date of 3012 ± 4 Ma indicated by the nine analyses of Group 1 is interpreted as the time of",
142933,142933.1,142933.1.pdf,YES_MODERATE_CONFIDENCE_LEGACY,Legacy table parsed with >=8 analysis rows.,OK_LEGACY,LEGACY_FREEFORM,30,30,0,LEGACY_ROWS:30,"indicating a weighted mean date of 1989 ± 3 Ma (chi-squared = 1.43). Concordant analysis 27.1, on a large (160 × 250 µm), irregular-shaped, structureless grain, and slightly discordant analysis core, have 207Pb/206Pb ratios defining a single population and indicating a weighted mean date of",
142984,142984.1,142984.1.pdf,YES_MODERATE_CONFIDENCE_LEGACY,Legacy table parsed with >=8 analysis rows.,OK_LEGACY,LEGACY_FREEFORM,25,25,0,LEGACY_ROWS:25,"Most analyses are concordant or slightly normal and reverse discordant, with the discordance to two groups. Fifteen concordant to slightly discordant analyses of 15 zircons (1.1, 2.1, 4.1, 9.1, defining a single population and indicating a weighted mean date of 3300 ± 4 Ma (chi- squared = 1.34). Six concordant to slightly discordant analyses of 6 zircons (3.1, 7.1, 8.1, 15.1, indicating a weighted mean date of 3321 ± 6 Ma (chi-squared = 1.14). Concordant analysis 5.1 and discordant analysis 10.1 have lower 207Pb/206Pb ratios than members of these two groups, whereas slightly reversely discordant analysis 25.1 and discordant analysis 6.1 have higher 207Pb/206Pb The date of 3321 ± 6 Ma indicated by the weighted mean 207Pb/206Pb ratio of the six analyses of Group 2 is interpreted as the time of igneous crystallization of the grey, even-grained phase within this sample, whereas the date of 3300 ± 4 Ma indicated by the weighted mean 207Pb/206Pb ratio of the fifteen analyses of Group 1 is interpreted as the time of igneous crystallization of the pegmatite",
165365,165365.1,165365.1.pdf,YES_MODERATE_CONFIDENCE_LEGACY,Legacy table parsed with >=8 analysis rows.,OK_LEGACY,LEGACY_FREEFORM,23,23,0,LEGACY_ROWS:23,"chlorite, sericite, and rare prehnite, as well as altered The analyses are concordant to highly discordant, with the The larger augen are clouded but untwinned orthoclase slightly discordant analyses of 18 zircons have 207Pb/206Pb clouded plagioclase. Smaller augen of plagioclase, weighted mean 207Pb/206Pb date of 2686 ± 5 Ma (chi- irregularly dusted with sericite, are more abundant. The squared = 1.08). Discordant analyses 4.1, 5.1, 6.1, 7.2, and there are lenses of fine-grained recrystallized plagioclase, discordant analyses of 18 zircons is interpreted as the age apatite are also present. Altered, possibly metamict grains remaining discordant analyses are interpreted to be of",
168973,168973.1,168973.1.pdf,YES_MODERATE_CONFIDENCE_LEGACY,Legacy table parsed with >=8 analysis rows.,OK_LEGACY,LEGACY_FREEFORM,21,21,0,LEGACY_ROWS:21,"All analyses are concordant or slightly discordant, with the discordance pattern loss. Eighteen concordant and slightly discordant analyses of 18 zircons have Pb/ 206Pb ratios defining a single population and indicating a weighted mean The date of 2656 ± 4 Ma indicated by the weighted mean 207Pb/206Pb ratio of 18 concordant and slightly discordant analyses is interpreted as the time of igneous",
168983,168983.1,168983.1.pdf,YES_MODERATE_CONFIDENCE_LEGACY,Legacy table parsed with >=8 analysis rows.,OK_LEGACY,LEGACY_FREEFORM,34,34,0,LEGACY_ROWS:34,"The analyses are concordant to highly discordant and indicate a wide range of defining a single population and indicating a weighted mean 207Pb/206Pb date of 1330 ± 70 Ma (chi-squared = 0.17). Analysis 4.3 is discordant and indicates a younger a weighted mean 207Pb/206Pb date of 1776 ± 8 Ma (chi-squared = 0.91). Discordant inferred to be of detrital origin. Consequently, the weighted mean 207Pb/206Pb date of",
171773,171773.1,171773.1.pdf,YES_MODERATE_CONFIDENCE_LEGACY,Legacy table parsed with >=8 analysis rows.,OK_LEGACY,LEGACY_FREEFORM,35,35,0,LEGACY_ROWS:35,"and elliptical single-crystal quartz grains (85 vol.%) and concordant and highly discordant analyses of 24 zircons locally clouded by limonite, clay, or both. There are rare Consequently, the weighted mean 207Pb/206Pb date of and extremely ﬁne-grained quartz. The single-crystal quartz discordant analyses of Group 1 is interpreted as a",
177915,177915.1,177915.1.pdf,YES_MODERATE_CONFIDENCE,Parsed table with >=3 non-D analyses.,OK_UPBDATA,UPBDATA_LINK,67,64,3,D:3; P:9; S:49; Y:6,"plagioclase grains, 10–15% fine-grained biotite, 55% Most analyses are concordant to slightly discordant biotite is disseminated as patches, short parallel lamellae, are imprecise or unreliable, and are not considered The larger quartz and feldspar grains are rounded yield a weighted mean 207Pb*/206Pb* date of 2660 ± 14 Ma Figure 1. Cathodoluminescence image of representative zircons from sample 177915: on the weighted mean 207Pb*/206Pb* date of the six zircons WINGATE, M. T. D., and BODORKOS, S., 2007, 177914: leucocratic",
177916,177916.1,177916.1.pdf,YES_MODERATE_CONFIDENCE,Parsed table with >=3 non-D analyses.,OK_UPBDATA,UPBDATA_LINK,23,22,1,D:1; P:1; Y:21,"lamellae are rich in schistose biotite flakes less than Most analyses range from concordant to slightly discordant minerals, are also disseminated. which yield a weighted mean 207 Pb*/ 206 Pb* date of observed assemblage is not diagnostic, but upper Group 1 is interpreted as the maximum age of deposition Figure 1. Cathodoluminescence image of representative zircons from sample 177916: igneous crystallization age of 2680 ± 5 Ma, obtained from Science Letters, v. 26, p. 207–221. single analysis (23.1) in Group 2 is slightly discordant, WINGATE, M. T. D., and BODORKOS, S., 2007b, 177919: felsic",
178010,178010.1,178010.1.pdf,YES_MODERATE_CONFIDENCE_LEGACY,Legacy table parsed with >=8 analysis rows.,OK_LEGACY,LEGACY_FREEFORM,27,27,0,LEGACY_ROWS:27,"quartz grains have inclusions of apatite, suggesting The analyses are concordant to highly discordant, with the rimmed by limonite. Flakes altered to ?kaolin and diffuse slightly discordant analysis 24.1, assigned to Group 1, rich in carbonaceous matter, but they are not abundant and indicating a weighted mean 207 Pb/ 206 Pb date of specimen. Other clasts contain leucoxene with or without 21.1 and 12.1, and slightly discordant analyses 5.1 and quartz. There is also rare pyrite, about 0.2 mm in grain a single population and indicating a weighted mean goethite, or hematite–goethite, apparently replacing Eleven concordant and slightly discordant analyses of date of 3294 ± 14 Ma indicated by the weighted mean 27.1, and slightly discordant analysis 24.1 of Group 1, Recommended reference for this publication:",
178026,178026.1,178026.1.pdf,YES_MODERATE_CONFIDENCE_LEGACY,Legacy table parsed with >=8 analysis rows.,OK_LEGACY,LEGACY_FREEFORM,25,25,0,LEGACY_ROWS:25,"The analyses are concordant to slightly discordant, with Data obtained: 14/07/2003; Data released: 30/06/2005 population and indicating a weighted mean 207Pb/206Pb date dates, whereas discordant analysis 9.1 indicates a slightly",
178037,178037.1,178037.1.pdf,YES_MODERATE_CONFIDENCE_LEGACY,Legacy table parsed with >=8 analysis rows.,OK_LEGACY,LEGACY_FREEFORM,21,21,0,LEGACY_ROWS:21,"present, suggesting some oxidized I-type characteristics. The analyses are concordant to slightly discordant, with and probably andesine–oligoclase, but has irregularly concordant and highly discordant analyses of 15 zircons locally intense in areas of high ﬂuid activity, with sparse and indicating a weighted mean 207 Pb/ 206 Pb date of patches, of secondary origin. Much of the biotite is altered are highly discordant and cannot be conﬁdently grouped. or patches of probable ferristilpnomelane in places. The discordant analyses of 15 zircons is interpreted as the age of igneous crystallization of the granodiorite. The remaining discordant analyses are interpreted to be of sites",
178052,178052.1,178052.1.pdf,YES_MODERATE_CONFIDENCE_LEGACY,Legacy table parsed with >=8 analysis rows.,OK_LEGACY,LEGACY_FREEFORM,17,17,0,LEGACY_ROWS:17,"?allanite, sericite, clinozoisite, carbonate, and zircon. The analyses are concordant to highly discordant, with present, apparently from andesine to oligoclase, with rims highly discordant analyses of nine zircons have 207Pb/206Pb interstitial microcline as poikilitic grains up to 4 mm in weighted mean 207Pb/206Pb date of 2688 ± 11 Ma (chi- a common accessory mineral. There are grains of epidote discordant analyses of nine zircons is interpreted as the with altered cores that could have been allanite. The age of igneous crystallization of the microgranodiorite.",
178054,178054.1,178054.1.pdf,YES_MODERATE_CONFIDENCE_LEGACY,Legacy table parsed with >=8 analysis rows.,OK_LEGACY,LEGACY_FREEFORM,14,14,0,LEGACY_ROWS:14,"lenses of quartz parallel to the schistosity. The c-axes of The analyses are concordant to highly discordant, with the also abundant, mostly in separate layers that are best seen highly discordant analyses of 11 zircons have 207Pb/206Pb (typically <50 µm) for adequate optical identiﬁcation. weighted mean 207Pb/206Pb date of 2674 ± 9 Ma (chi- 0.5 mm in diameter. Feldspathic aggregates contain minor are discordant and cannot be grouped. about 40 to 100 µm. Cores of plagioclase are partly altered discordant analyses of 11 zircons is interpreted as the age to sericite and clinozoisite. Some of the biotite has been of igneous crystallization of the granodiorite. Discordant (Discordant analyses 9.1 and 13.1 not plotted)",
178057,178057.1,178057.1.pdf,YES_MODERATE_CONFIDENCE_LEGACY,Legacy table parsed with >=8 analysis rows.,OK_LEGACY,LEGACY_FREEFORM,25,25,0,LEGACY_ROWS:25,"smaller zircons, less than 70 µm in length, are clouded and The analyses are concordant to slightly discordant, with low-temperature metamorphic origin, with chlorite, of three groups. Nine concordant to slightly discordant to moderate, low-temperature hydrothermal, saussurite- weighted mean 207Pb/206Pb date of 2648 ± 6 Ma (chi- like alteration. Narrow carbonate-filled fractures are squared = 1.50). Six concordant to slightly discordant low-temperature alteration producing chlorite–epidote– and indicating a weighted mean 207 Pb/ 206 Pb date of conditions, and weak to moderate saussuritization discordant analyses 5.1, 15.1, and 20.1, assigned (Discordant analysis 3.1 not plotted) population and indicating a weighted mean 207Pb/206Pb this interpretation is correct, then the 207Pb/206Pb date of",
178058,178058.1,178058.1.pdf,YES_MODERATE_CONFIDENCE_LEGACY,Legacy table parsed with >=8 analysis rows.,OK_LEGACY,LEGACY_FREEFORM,24,24,0,LEGACY_ROWS:24,"length, with perthitic and antiperthitic textures preserved The analyses are concordant to highly discordant, with contain large, poorly deﬁned patches of myrmekite. Partly Nineteen concordant to highly discordant analyses of oxide as single grains and small lenses. A single patch Concordant to slightly discordant analyses 4.1, 17.1, opaque oxide grains. Rare, small clouded grains could a weighted mean 207 Pb/ 206 Pb date of 2684 ± 11 Ma be altered zircon, but are more probably altered allanite. (chi-squared = 0.56). Discordant analysis 14.1 indicates a have replaced a small proportion of the biotite, with discordant analyses of Group 1 is interpreted as the age of",
178059,178059.1,178059.1.pdf,YES_MODERATE_CONFIDENCE_LEGACY,Legacy table parsed with >=8 analysis rows.,OK_LEGACY,LEGACY_FREEFORM,24,24,0,LEGACY_ROWS:24,"of the larger grains have oscillatory zoning, possibly from The analyses are concordant to highly discordant, with enclosing quartz, plagioclase, and biotite. Irregular, of two groups. Fifteen concordant to highly discordant accompanied by granular opaque oxide (<1 vol.%) and population and indicating a weighted mean 207Pb/206Pb date small, partly clouded crystals of zircon, mostly less than discordant analyses 4.2, 9.1, 13.1, 15.1, and 16.1, assigned grain size has formed as a deuteric or metamorphic mineral population and indicating a weighted mean 207Pb/206Pb date muscovite. Chlorite is a secondary mineral in altered analyses are discordant to highly discordant, and indicate low-temperature hydrothermal alteration. discordant analyses of Group 1 is interpreted as the age of igneous crystallization of the monzogranite. The",
178060,178060.1,178060.1.pdf,YES_MODERATE_CONFIDENCE_LEGACY,Legacy table parsed with >=8 analysis rows.,OK_LEGACY,LEGACY_FREEFORM,18,18,0,LEGACY_ROWS:18,"oxide is mostly less than 0.3 mm in grain size, and rare The analyses are concordant to highly discordant, with crystals range from 50 to 200 µm in length and as much as highly discordant analyses of ﬁve zircons (1.1, 1.2, 1.3, clay–sericite with or without clinozoisite alteration. The The remaining analyses are highly discordant and indicate a foliated or gneissic monzogranite with probably low discordant analyses of ﬁve zircons is interpreted as the amphibolite-facies metamorphism and strong deformation, age of igneous crystallization of the monzogranite. The (Discordant analyses 7.1, 9.1, 10.1, 11.1 and 12.1 not plotted)",
178062,178062.1,178062.1.pdf,YES_MODERATE_CONFIDENCE_LEGACY,Legacy table parsed with >=8 analysis rows.,OK_LEGACY,LEGACY_FREEFORM,23,23,0,LEGACY_ROWS:23,"parallel to the quartz lenses, is present, but there is some The analyses are concordant to highly discordant, with the allanite, up to 0.8 mm in grain size, are present, with rare highly discordant analyses of 12 zircons (1.1, 3.1, 6.1, quartz and ﬁner grained feldspar are recrystallized. Minor population and indicating a weighted mean 207Pb/206Pb muscovite has formed in and adjacent to biotite, with date of 2697 ± 6 Ma (chi-squared = 0.66). Discordant within larger microcline grains. Epidote rims some of the are discordant (7.1), highly discordant (2.1, 5.1, 11.1), or altered allanite, and leucoxene has replaced titanite. The highly reverse discordant (4.1). (Discordant analyses 4.1, 5.1, 12.2 and 12.3 not plotted. discordant analyses of 12 zircons is interpreted as the age of igneous crystallization of the monzogranite. Discordant",
178064,178064.1,178064.1.pdf,YES_MODERATE_CONFIDENCE_LEGACY,Legacy table parsed with >=8 analysis rows.,OK_LEGACY,LEGACY_FREEFORM,35,35,0,LEGACY_ROWS:35,"1 mm long. The quartz occurs as anhedral grains up to The analyses are concordant to highly discordant, with up to 0.1 mm in grain size, is sparse. The grain size of highly discordant analyses of nine zircons (2.1, 3.1, 7.1, Analysis 5.1 (Discordant analysis 4.1 not plotted)",
178065,178065.1,178065.1.pdf,YES_MODERATE_CONFIDENCE_LEGACY,Legacy table parsed with >=8 analysis rows.,OK_LEGACY,LEGACY_FREEFORM,39,39,0,LEGACY_ROWS:39,"steeply to the southwest. The sample was taken 50 m The analyses are concordant to highly discordant, with age of the sandstone precursor to the quartzite. one of six groups. Eight concordant to highly discordant amounts of accessory muscovite, rutile, and zircon. The Concordant analyses 13.1, 16.1, and 28.1, and discordant inclusions. Mica forms ﬂakes 30 to 100 µm in length, and 1.27). Thirteen concordant to highly discordant analyses mica has been leached, mostly in and adjacent to fractures. and indicating a weighted mean 207 Pb/ 206 Pb date of 27.1 and 35.1, and discordant analysis 25.1, assigned Zircon morphology population and indicating a weighted mean 207Pb/206Pb The zircons isolated from this sample are typically analysis 34.1 and discordant analyses 15.1 and 32.1, or subhedral and with rounded terminations, equant a single population and indicating a weighted mean 80 µm and 160 × 80 µm in size. Most grains are fractured Concordant analysis 23.1 and discordant analyses 11.1 and zonation. Many have a speckled appearance in transmitted a single population and indicating a weighted mean are given in Figure 1. The date of 3276 ± 7 Ma indicated by the weighted mean Pb/206Pb rat",
178066,178066.1,178066.1.pdf,YES_MODERATE_CONFIDENCE_LEGACY,Legacy table parsed with >=8 analysis rows.,OK_LEGACY,LEGACY_FREEFORM,35,35,0,LEGACY_ROWS:35,"The analyses are concordant to highly discordant, with the Twenty-ﬁve concordant to highly discordant analyses of and zircon. The sample is a massive quartzite consisting of indicating a weighted mean 207Pb/206Pb date of 3374 ± 3 Ma 0.15 mm in grain size is weakly aligned, but quartz c-axes population and indicating a weighted mean 207Pb/206Pb date deﬁning a single population and indicating a weighted mean and with rounded terminations, equant to slightly elongate, weighted mean 207Pb/206Pb ratio of concordant analyses 19.1 (Discordant analysis 30.1 not plotted)",
178067,178067.1,178067.1.pdf,YES_MODERATE_CONFIDENCE_LEGACY,Legacy table parsed with >=8 analysis rows.,OK_LEGACY,LEGACY_FREEFORM,39,39,0,LEGACY_ROWS:39,"The analyses are concordant to highly discordant, with and partly clouded, fractured zircon (trace). The sample Concordant analysis 11.1 and discordant analyses 5.1, 24.1, very ﬁne grained schistose mica, mostly less than 0.1 mm weighted mean 207Pb/206Pb date of 3283 ± 11 Ma (chi- clouded, and altered. Fluid inclusions in the quartz appear population and indicating a weighted mean 207Pb/206Pb concordant to highly discordant analyses of 13 zircons colourless, pale yellow, dark brown or black, elliptical 1.37). Concordant analysis 22.1, and discordant analyses transmitted light, and many are metamict. The surfaces of a single population and indicating a weighted mean (Discordant analyses 5.1, 24.3 (included in Group 1), 17.1, 20.1 discordant analyses 5.1, 24.1, 24.2, 24.3, and 35.1 of",
181127,181127.1,181127.1.pdf,YES_MODERATE_CONFIDENCE,Parsed table with >=3 non-D analyses.,OK_UPBDATA,UPBDATA_LINK,57,55,2,D:2; S:52; Y:3,"Most analyses are concordant or only slightly discordant, the date of 694 ± 13 Ma for the three analyses in Group 1",
185997,185997.1,185997.1.pdf,YES_HIGH_CONFIDENCE,Group I present with >=5 non-D analyses.,OK_UPBDATA,UPBDATA_LINK,7,7,0,I:2; X:5,zircon. The rock displays segregated bands dominated which yield a weighted mean 207Pb*/ 206Pb* date of Figure 1. Cathodoluminescence image of representative zircons from sample 185997:,
194754,194754.1,194754.1.pdf,YES_HIGH_CONFIDENCE,Group I present with >=5 non-D analyses.,OK,STRICT_20COL,24,24,0,I:24,"in diameter, and exhibits weak zoning and minor alteration The analyses are concordant to moderately discordant metamict allanite forms subhedral to euhedral, tabular to which yield a weighted mean 207Pb*/ 206Pb* date of Figure 1. Hand specimen image of sample 194754: metamonzogranite, Deep Well Figure 2. Cathodoluminescence image of representative zircons from sample 194754: I is interpreted as the igneous crystallization age of the Survey of Western Australia, WA Geology Online, Explanatory Notes",
195830,195830.1,195830.1.pdf,YES_MODERATE_CONFIDENCE,Parsed table with >=3 non-D analyses.,OK,STRICT_20COL,18,14,4,D:4; X:13; Z:1,"this sample (see below) indicate that either the zircons are The analyses are concordant to strongly discordant inherited from an Archean rock, the sample represents an (Fig. 3). Four analyses are >5% discordant. The dates the assignment of the unit is incorrect. Metamonzogranite are unreliable, and are considered not to be geologically north-northeast, yielded an igneous crystallization age of two groups, based on their 207Pb*/206Pb* ratios: Petrographic description analyses yield a weighted mean 207Pb*/206Pb* date of is interpreted as the age of the dominant inherited Fielding, IOH, Wingate, MTD, Fletcher, IR, Rasmussen, B, Zi, J-W and single analysis in Group Z is interpreted as the age of a Geochronology Record 1862: Geological Survey of Western",
195833,195833.1,195833.1.pdf,YES_MODERATE_CONFIDENCE,Parsed table with >=3 non-D analyses.,OK,STRICT_20COL,124,98,26,D:26; P:1; S:96; Y:1,"of the grains and the lack of primary sedimentary The analyses are concordant to strongly discordant features suggest that the rock is recrystallized. A detailed (Fig. 2). Twenty-six analyses are >5% discordant. The are unreliable, and considered not to be geologically >5%). One highly discordant analysis in Group D is not shown depositional age can be based on the weighted mean sandstone, Sydney Heads Pass; Geochronology Record 1514:",
201514,201514.1,201514.1.pdf,YES_HIGH_CONFIDENCE,Group I present with >=5 non-D analyses.,OK,STRICT_20COL,18,18,0,I:18,"magnetite and trace myrmekite and zircon. Plagioclase The analyses are concordant to moderately discordant texture. Quartz is anhedral, irregular, up to 4 mm in size, a weighted mean 207Pb*/206Pb* date of 2710 ± 4 Ma of plagioclase and quartz, and displays microcline is interpreted as the igneous crystallization age of the Figure 1. Hand specimen image of sample 201514: metagranodiorite, Deep Well Figure 2. Cathodoluminescence image of representative zircons from sample 201514:",
201536,201536.1,201536.1.pdf,YES_HIGH_CONFIDENCE,Group I present with >=5 non-D analyses.,OK,STRICT_20COL,21,19,2,D:2; I:16; X:3,"The analyses are concordant to strongly discordant Survey of Western Australia, 3p. (Fig. 3). Two analyses are >5% discordant. The dates Wingate, MTD, Kirkland, CL and Ivanic, TJ 2015b, 198212: porphyritic are unreliable, and are considered not to be geologically Geological Survey of Western Australia, 4p. which yield a weighted mean 207Pb*/ 206Pb* date of is interpreted as the igneous crystallization age of the metamonzogranite, Frogmore Bore; Geochronology Record 1822:",
203733,203733.1,203733.1.pdf,YES_HIGH_CONFIDENCE,Group I present with >=5 non-D analyses.,OK,STRICT_20COL,18,6,12,D:12; I:4; P:2,"microcline) is subhedral to euhedral and zoned. Rare The analyses are concordant to strongly discordant (Fig. 3). plagioclase phenocrysts are up to 8 mm in size and Twelve analyses are >5% discordant. The dates obtained surrounded by a fine-grained mosaic of quartz and from these 12 analyses (Group D; Table 1) are unreliable, Figure 2. Cathodoluminescence image of all zircons from sample 203733: porphyritic which yield a weighted mean 207 Pb*/ 206 Pb* date of Sapkota, J, Squire, RJ, Campbell, IH and Pegg, I 2015, Evolution of is 3.4% discordant, and therefore interpreted as a minimum Online, Explanatory Notes extract, viewed 23 December 2021, <8% discordant yields concordia intercepts at 2718 ± 42 polyphased gold mineralisation in the Agnew District (Yilgarn Craton,",
203735,203735.1,203735.1.pdf,YES_HIGH_CONFIDENCE,Group I present with >=5 non-D analyses.,OK,STRICT_20COL,17,16,1,D:1; I:8; P:8,"The analyses are concordant to strongly discordant (Fig. 3). Hall, CE, Wyche, NL and Sapkota, J (partial report), Black Flag Group One analysis is >7% discordant. The date obtained from (A-BF-xf-s): Geological Survey of Western Australia, WA Geology this analysis (Group D; Table 1) is unreliable, and is Online, Explanatory Notes extract, viewed 05 January 2022, (Table 1), which yield a weighted mean 207Pb*/206Pb* date microgranite, Lake Lefroy; Geochronology Record 1654: Geological 2669– 2640 Ma, and a weighted mean 207Pb*/206Pb* date of Group I is tentatively interpreted as the age of igneous Dolerite sill and gold mineralization at the Mt Charlotte mine, Eastern",
203736,203736.1,203736.1.pdf,YES_HIGH_CONFIDENCE,Group I present with >=5 non-D analyses.,OK,STRICT_20COL,28,22,6,D:6; I:18; P:3; X:1,"The analyses are concordant to moderately discordant Survey of Western Australia, 4p. (Fig. 3). Six analyses are >5% discordant. The dates Nelson, DR 1995, 112110: felsic volcanic rock, Nelson’s Fleet; unreliable, and are considered not to be geologically which yield a weighted mean 207 Pb*/ 206 Pb* date of xenotime U-Pb age constraints on the emplacement of the Golden Mile interpreted as the age of igneous crystallization. The date Stacey, JS and Kramers, JD 1975, Approximation of terrestrial lead isotope is interpreted as the age of an inherited zircon. The dates v. 26, p. 207–221.",
203738,203738.1,203738.1.pdf,YES_HIGH_CONFIDENCE,Group I present with >=5 non-D analyses.,OK,STRICT_20COL,29,13,16,D:16; I:9; P:4,"The analyses are concordant to strongly discordant (Fig. 3). v. 26, p. 207–221. Sixteen analyses are >5% discordant. The dates obtained Standing, JG 2008, Terrane amalgamation in the Eastern Goldfields from these 16 analyses (Group D; Table 1) are unreliable, Superterrane, Yilgarn Craton: Evidence from tectonostratigraphic which yield a weighted mean 207 Pb*/ 206 Pb* date of because the average composition is about 3.1% discordant.",
203739,203739.1,203739.1.pdf,YES_HIGH_CONFIDENCE,Group I present with >=5 non-D analyses.,OK,STRICT_20COL,20,17,3,D:3; I:14; P:1; X:2,"The analyses are concordant to moderately discordant Letters, v. 26, p. 207–221. (Fig. 3). Three analyses are >5% discordant. The dates Standing, JG 2008, Terrane amalgamation in the Eastern Goldfields are unreliable, and are considered not to be geologically studies of the Laverton Greenstone Belt: Precambrian Research, which yield a weighted mean 207Pb*/ 206Pb* date of which yield a weighted mean 207Pb*/ 206Pb* date of Wingate, MTD, Fielding, IOH, Lu, Y, Cassidy, KF and Smithies, RH is interpreted as age of igneous crystallization. The date publication interpreted as the age of an inherited component. The date 203739: felsic metavolcanic rock, Lake Carey; Geochronology Record",
203740,203740.1,203740.1.pdf,YES_HIGH_CONFIDENCE,Group I present with >=5 non-D analyses.,OK,STRICT_20COL,30,18,12,D:12; I:15; P:3,"The analyses are concordant to strongly discordant (Fig. 3). orogenic-style overprint on a magmatic-hydrothermal magnetite-calcite Twelve analyses are >6% discordant. The dates obtained alteration pipe?: Mineralium Deposita, v. 39, p. 473–494. from these 12 analyses (Group D; Table 1) are unreliable, Stacey, JS and Kramers, JD 1975, Approximation of terrestrial lead isotope is interpreted as the age of igneous crystallization. An Wingate, MTD, Fielding, IOH, Lu, Y, Cassidy, KF and Smithies, RH is provided by the weighted mean 207Pb*/206Pb* date of Record 1882: Geological Survey of Western Australia, 5p.",
203748,203748.1,203748.1.pdf,NO_DATA_PARSED,No table rows parsed from PDF or linked data table.,NO_TABLE_ROWS_PARSED,,0,0,0,,"The analyses are concordant to moderately discordant (Fig. 4). Four analyses are >5% discordant. The dates obtained from these four analyses (Group D; Table 1) are unreliable, and are considered not to be geologically significant. The remaining Group I comprises 21 analyses of 19 zircons (Table 1), which yield a concordia age of 1167 ± 5 Ma (MSWD = 1.5). These The date of 1167 ± 5 Ma for the 21 analyses in Group I is interpreted as the magmatic crystallization age of the",
209650,209650.1,209650.1.pdf,YES_HIGH_CONFIDENCE,Group I present with >=5 non-D analyses.,OK,STRICT_20COL,23,17,6,D:6; I:13; X:4,"The analyses are concordant to strongly discordant Archean Murchison Domain, and implications for Yilgarn Craton (Fig. 3). Six analyses are >5% discordant. The dates tectonics: Precambrian Research, v. 229, p. 49–92. are unreliable, and are considered not to be geologically metamonzogranite, Success Well; Geochronology Record 1831: a weighted mean 207Pb*/206Pb* date of 2685 ± 6 Ma I is interpreted as the igneous crystallization age of the Tectonophysics, v. 623, p. 100–122, doi:10.1016/j.tecto.2014.03.020. slightly discordant analyses in Group X are interpreted as",
209651,209651.1,209651.1.pdf,YES_HIGH_CONFIDENCE,Group I present with >=5 non-D analyses.,OK,STRICT_20COL,18,18,0,I:16; P:1; X:1,"The analyses are concordant to strongly discordant Archean Murchison Domain, and implications for Yilgarn Craton a weighted mean 207Pb*/206Pb* date of 2698 ± 7 Ma Wingate, MTD, Kirkland, CL and Ivanic, TJ 2015a, 185997: granitic is interpreted as the igneous crystallization age of the single analysis in Group X is interpreted as the age of an extract, viewed 16 November 2021, <www.dmp.wa.gov.au/ens>.",
210217,210217.1,210217.1.pdf,YES_HIGH_CONFIDENCE,Group I present with >=5 non-D analyses.,OK,STRICT_20COL,17,13,4,D:4; I:10; P:3,"irregular, up to 7 mm long, and some forms aggregates The analyses are concordant to strongly discordant up to 9 mm in diameter of smaller quartz grains with (Fig. 3). Four analyses are >5% discordant or indicate undulose extinction and there are minor unstrained these four analyses (Group D; Table 1) are unreliable, Figure 1. Hand specimen image of sample 210217: metamonzogranite, South Well Figure 2. Cathodoluminescence image of representative zircons from sample 210217: a weighted mean 207Pb*/206Pb* date of 2750 ± 7 Ma Wyche, S 2013, Long-lived, autochthonous development of the is interpreted as the igneous crystallization age of the Survey of Western Australia, WA Geology Online, Explanatory Notes",
211111,211111.1,211111.1.pdf,YES_HIGH_CONFIDENCE,Group I present with >=5 non-D analyses.,OK_UPBDATA,UPBDATA_LINK,15,15,0,I:15,"The analyses are concordant to slightly discordant (Fig. 3), and form a single group, based on their 207Pb*/206Pb* ratios. Group I comprises 15 analyses (Table 1), which yield a weighted mean 207Pb*/206Pb* date of 2977 ± 5 Ma (MSWD = The date of 2977 ± 5 Ma for the 15 analyses in Group I is interpreted as the igneous crystallization age of the meta-",
211118,211118.1,211118.1.pdf,YES_MODERATE_CONFIDENCE,Parsed table with >=3 non-D analyses.,OK_UPBDATA,UPBDATA_LINK,5,4,1,D:1; X:4,"The analyses are concordant to moderately discordant (Fig. 3). One analysis is >5% discordant. The date obtained from this analysis (Table 1, Group D) is unreliable, and considered not to be geologically significant. The remaining four analyses",
211120,211120.1,211120.1.pdf,YES_MODERATE_CONFIDENCE,Parsed table with >=3 non-D analyses.,OK,STRICT_20COL,95,71,24,D:24; S:69; Y:2,"overprinting by very fine-grained biotite precludes The analyses are concordant to strongly discordant precise identification. Clinozoisite crystals are subhedral, (Fig. 3). Twenty-three analyses are >5% discordant also forms veins up to 1 mm wide. Quartz occurs in these 24 analyses (Group D; Table 1) are unreliable, and Figure 1. Drillcore image of sample 211120: altered breccia, Deflector prospect Figure 2. Cathodoluminescence image of representative zircons from sample 211120: which yield a weighted mean 207Pb*/ 206Pb* date of Yakymchuk, C 2020, Metamorphism of the Mougooderra Formation: a maximum age of deposition for the sedimentary tectonics: Precambrian Research, v. 229, p. 49–92. depositional age can be based on the weighted mean Geological Survey of Western Australia, WA Geology",
212791,212791.1,212791.1.pdf,YES_MODERATE_CONFIDENCE,Parsed table with >=3 non-D analyses.,OK,STRICT_20COL,15,11,4,D:4; X:11,"The analyses are concordant to strongly discordant Record 2001/47, 111p. (Fig. 3). Four analyses are >5% discordant. The dates Lu, Y, Wingate, MTD, Kirkland, CL and Zibra, I 2016, 209610: are unreliable, and considered not to be geologically 1347: Geological Survey of Western Australia, 4p. Four analyses of four zircons yield a weighted mean and five analyses of four zircons yield a weighted mean Craton: Tectonophysics, v. 712–713, p. 362–395.",
214138,214138.1,214138.1.pdf,YES_HIGH_CONFIDENCE,Group I present with >=5 non-D analyses.,OK_UPBDATA,UPBDATA_LINK,11,11,0,I:9; X:2,"The analyses are concordant to slightly discordant (Fig. 2), and form two groups, based on their 207Pb*/206Pb* ratios. Group I comprises nine analyses of nine zircons (Table 1), which yield a weighted mean 207Pb*/206Pb* date of 2763 ± 5 Group X comprises two analyses of two zircon cores (Table 1), which yield a weighted mean 207Pb*/206Pb* date of 2784 The date of 2763 ± 5 Ma for the nine analyses in Group I is interpreted as the magmatic crystallization age of the The date of 2784 ± 13 Ma for the two analyses in Group X is interpreted as the age of an inherited component.",
214139,214139.1,214139.1.pdf,YES_HIGH_CONFIDENCE,Group I present with >=5 non-D analyses.,OK_UPBDATA,UPBDATA_LINK,12,12,0,I:10; P:2,"The analyses are concordant to moderately discordant (Fig. 2), and form two groups, based on their 207Pb*/206Pb* ratios. Group I comprises ten analyses of ten zircons (Table 1), which yield a weighted mean 207Pb*/206Pb** date of 2761 ± 4 Ma The date of 2761 ± 4 Ma for the ten analyses in Group I is interpreted as the magmatic crystallization age of the",
214315,214315.1,214315.1.pdf,YES_HIGH_CONFIDENCE,Group I present with >=5 non-D analyses.,OK_UPBDATA,UPBDATA_LINK,18,18,0,I:17; X:1,"The analyses are concordant to moderately discordant (Fig. 3), and form two groups, based on their 207Pb*/206Pb* ratios. Group I comprises 17 analyses of 17 zircons (Table 1), which yield a weighted mean 207Pb*/206Pb* date of 2700 ± 7 Ma The date of 2700 ± 7 Ma for the 17 analyses in Group I is interpreted as the magmatic crystallization age of the metagranodiorite dyke. The date of 2958 ± 20 Ma (1σ) for the analysis in Group X is interpreted as the age of an inherited",
215316,215316.1,215316.1.pdf,YES_MODERATE_CONFIDENCE,Parsed table with >=3 non-D analyses.,OK,STRICT_20COL,117,87,30,D:30; S:85; Y:2,"The analyses are concordant to strongly discordant Abeysinghe, PB 2003, Silica resources of Western Australia: Geological (Fig. 3). Thirty analyses are >5% discordant. The dates Survey of Western Australia, Mineral Resources Bulletin 21, 228p. unreliable, and are considered not to be geologically Western Australia, 1:250 000 Geological Series Explanatory Notes, which yield a concordia age of 1800 ± 13 Ma (2σ, a maximum age of deposition for the sedimentary Geoscience Australia, Record 2007/14, p. 80–84. depositional age can be based on the weighted mean",
220109,220109.1,220109.1.pdf,YES_MODERATE_CONFIDENCE,Parsed table with >=3 non-D analyses.,OK_UPBDATA,UPBDATA_LINK,150,133,17,D:17; S:132; Y:1,"The analyses are concordant to strongly discordant Allen, HJ and Trinajstic, K 2017, An Early Devonian fish fauna discordant. The dates obtained from these 17 analyses Basin: Geological Survey of Western Australia, Paleontology (Group D; Table 1) are unreliable, and considered not to on the weighted mean 238U/206Pb* date of 501 ± 8 Ma Richards, JR, Blockley, JG and de Laeter, JR 1985, Rb–Sr and Pb isotope",
220110,220110.1,220110.1.pdf,YES_MODERATE_CONFIDENCE,Parsed table with >=3 non-D analyses.,OK_UPBDATA,UPBDATA_LINK,150,143,7,D:7; S:142; Y:1,"The analyses are concordant to strongly discordant Allen, HJ and Trinajstic, K 2017, An Early Devonian fish fauna (Figs 3, 4). Five analyses >1000 Ma are >5% discordant, from an unnamed sandstone in Wendy 1 drillhole, northern Perth these seven analyses (Group D; Table 1) are unreliable, Fielding, IOH, Lu, Y and Wingate, MTD 2021, Introduction to on the weighted mean 238U/206Pb* date of 524 ± 4 Ma geometry of an Early Paleozoic rift in the Pinjarra Orogen, East",
222651,222651.1,222651.1.pdf,YES_HIGH_CONFIDENCE,Group I present with >=5 non-D analyses.,OK,STRICT_20COL,18,17,1,D:1; I:17,"well -developed polygonal texture and an average grain The analyses are concordant to strongly discordant (Fig. 3). size of 0.05 mm. Plagioclase phenocrysts are subhedral One analysis is >30% discordant. The date obtained to euhedral, mainly tabular, up to 2.5 mm long, lightly to from this analysis (Group D; Table 1) is unreliable, form either single grains or distinct folia. Tourmaline is a weighted mean 207Pb*/ 206Pb* date of 2804 ± 6 Ma sample has been deformed and recrystallized at relatively interpreted as the igneous crystallization age of the dacite. Figure 2. Cathodoluminescence image of representative zircons from sample 222651:",
222712,222712.1,222712.1.pdf,YES_MODERATE_CONFIDENCE,Parsed table with >=3 non-D analyses.,OK,STRICT_20COL,21,20,1,D:1; P:1; S:18; Y:1,"alteration. Quartz is anhedral, mostly equant, transparent, The analyses are concordant to moderately discordant grains are subrounded or rounded, although compaction (Group D; Table 1) is unreliable, and is considered not to Figure 1. Hand specimen image of sample 222712: quartzite, Lawlers – Mount Ida Road Figure 2. Cathodoluminescence image of representative zircons from sample 222712: the single analysis in Group Y underestimates its age of Wingate, MTD, Kirkland, CL, Bodorkos, S and Wyche, S 2010, 185901: 2764 ± 8 Ma is interpreted as the age of the dominant",
222720,222720.1,222720.1.pdf,YES_HIGH_CONFIDENCE,Group I present with >=5 non-D analyses.,OK,STRICT_20COL,22,18,4,D:4; I:17; P:1,"The analyses are concordant to strongly discordant (Fig. 3). the Vestfold Hills, East Antarctica: Contributions to Mineralogy and Four analyses are >7% discordant and/or indicate high Petrology, v. 115, p. 184–203. four analyses (Group D; Table 1) are unreliable, and are Survey of Western Australia, 1:100 000 Geological Series. which yield a weighted mean 207 Pb*/ 206 Pb* date of McGoldrick, PJ 1990, Geology of the Archaean Kalgoorlie Terrane — interpreted as the igneous crystallization age of the gabbro. Australia, 1:250 000 Geological Series Explanatory Notes, 38p.",
222724,222724.1,222724.1.pdf,YES_HIGH_CONFIDENCE,Group I present with >=5 non-D analyses.,OK,STRICT_20COL,13,12,1,D:1; I:10; P:1; X:1,"areas of relict plagioclase exhibit poorly defined multiple The analyses are concordant to strongly discordant (Fig. 3). twinning. K-feldspar is anhedral, fractured, up to 5 mm One analysis older than 2800 Ma is >5% discordant. and exhibits microcline twinning. Pale brown, equant is unreliable, and considered not to be geologically probable muscovite laths up to 0.7 mm long may have which yield a weighted mean 207Pb*/ 206Pb* date of Figure 2. Cathodoluminescence image of representative zircons from sample 222724: interpreted as the age of an inherited zircon. The date of",
225756,225756.1,225756.1.pdf,YES_MODERATE_CONFIDENCE,Parsed table with >=3 non-D analyses.,OK,STRICT_20COL,55,50,5,D:5; S:49; Y:1,"The analyses are concordant to moderately discordant Trendall, AF, Compston, W, Nelson, DR, de Laeter, JR and Bennett, VC (Fig. 3). Five analyses are >5% discordant. The dates are unreliable, and are considered not to be geologically can be based on the weighted mean 207Pb*/206Pb* date of This is interpreted as the age of the dominant zircon- age of the dominant detrital component within sediments",
225757,225757.1,225757.1.pdf,YES_MODERATE_CONFIDENCE,Parsed table with >=3 non-D analyses.,OK,STRICT_20COL,71,69,2,D:2; S:68; Y:1,"The analyses are concordant to moderately discordant Trendall, AF, Compston, W, Nelson, DR, de Laeter, JR and Bennett, VC (Fig. 3). Two analyses are >5% discordant. The dates are unreliable, and are considered not to be geologically can be based on the weighted mean 207Pb*/206Pb* date of",
225758,225758.1,225758.1.pdf,YES_HIGH_CONFIDENCE,Group I present with >=5 non-D analyses.,OK,STRICT_20COL,12,10,2,D:2; I:9; X:1,"The analyses are concordant to moderately discordant The sample is an altered tuffaceous volcanic rock, (Fig. 3). Two analyses are >5% discordant. The dates 1–2% opaque grains, and trace quartz. Clay minerals are are unreliable, and are considered not to be geologically 0.35 mm long, and composed of coarser-grained, fibrous, a weighted mean 207Pb*/206Pb* date of 2485 ± 9 Ma Figure 2. Cathodoluminescence image of all zircons from sample 225758: tuffaceous is interpreted as the igneous crystallization age. The date Trendall, AF, Nelson, DR, de Laeter, JR and Hassler, SW 1998, interpreted as the age of an inherited zircon. and Wittenoom Formation, Hamersley Group, Western Australia:",
225760,225760.1,225760.1.pdf,YES_HIGH_CONFIDENCE,Group I present with >=5 non-D analyses.,OK,STRICT_20COL,16,14,2,D:2; I:11; X:3,"hematite, and quartz. Clay minerals (probably smectite) The analyses are concordant to moderately discordant are cryptocrystalline to very fine grained and moderately (Fig. 3). Two analyses are >5% discordant. The dates colourless, oval to elongate patches, which are up to are unreliable, and are considered not to be geologically Figure 2. Cathodoluminescence image of all zircons from sample 225760: tuffaceous a weighted mean 207Pb*/206Pb* date of 2480 ± 7 Ma 2004, SHRIMP zircon ages constraining the depositional chronology is interpreted as the igneous crystallization age. The dates Wingate, MTD, Fielding, IOH, Lu, Y and Martin, DMcB 2021a, 225756:",
225797,225797.1,225797.1.pdf,YES_HIGH_CONFIDENCE,Group I present with >=5 non-D analyses.,OK,STRICT_20COL,21,21,0,I:18; P:1; X:2,"apatite, and pyrite. The groundmass is massive and The analyses are concordant to slightly discordant (Fig. 3), a weighted mean 207Pb*/206Pb* date of 1781 ± 8 Ma Figure 2. Cathodoluminescence image of representative zircons from sample 225797: is interpreted as the igneous crystallization age. The dates Basin, Western Australia: Geological Survey of Western Australia,",
225819,225819.1,225819.1.pdf,YES_MODERATE_CONFIDENCE,Parsed table with >=3 non-D analyses.,OK,STRICT_20COL,32,32,0,P:3; S:28; Y:1,minerals present in the sandstone. Quartz grains are The analyses are concordant to moderately discordant Figure 2. Cathodoluminescence image of representative zircons from sample 225819: on the weighted mean 207Pb*/206Pb* date of 3075 ± 4 Ma This date is interpreted as the age of the dominant zircon-,
225947,225947.1,225947.1.pdf,YES_HIGH_CONFIDENCE,Group I present with >=5 non-D analyses.,OK,STRICT_20COL,17,15,2,D:2; I:15,"The analyses are concordant to moderately discordant Letters, v. 26, p. 207–221. (Fig. 3). Two analyses are >5% discordant. The dates Thorne, AM and Trendall, AF 2001, Geology of the Fortescue Group, are unreliable, and are considered not to be geologically Australia, Bulletin 144, 249p. a weighted mean 207Pb*/206Pb* date of 2727 ± 7 Ma is interpreted as the igneous crystallization age of the Wingate, MTD, Fielding, IOH, Lu, Y and Howard, HM 2021, 225947:",
226183,226183.1,226183.1.pdf,YES_MODERATE_CONFIDENCE,Parsed table with >=3 non-D analyses.,OK_UPBDATA,UPBDATA_LINK,68,57,11,D:11; S:56; Y:1,"The analyses are concordant to strongly discordant The data for combined Groups Y and S indicate significant (Fig. 3). Eleven analyses >1000 Ma are >5% discordant. age components at c. 1817, 1484, 1266, 1161, 1053, 998, Table 1) are unreliable, and are considered not to be approximately 4, 3, 5, 8, 8, 7, 3, 3, 4, and 4 analyses,",
226184,226184.1,226184.1.pdf,YES_MODERATE_CONFIDENCE,Parsed table with >=3 non-D analyses.,OK_UPBDATA,UPBDATA_LINK,97,62,35,D:35; S:61; Y:1,"The analyses are concordant to strongly discordant The data for combined Groups Y and S indicate significant discordant. The dates obtained from these 35 analyses 563 Ma, based on contributions from approximately 4, (Group D; Table 1) are unreliable, and are considered not 4, 7, 7, and 5 analyses, respectively (Fig. 5). These are",
226185,226185.1,226185.1.pdf,YES_MODERATE_CONFIDENCE,Parsed table with >=3 non-D analyses.,OK_UPBDATA,UPBDATA_LINK,81,55,26,D:26; S:54; Y:1,"the weighted mean 207-corrected 238U/206Pb* date of 589 The analyses are concordant to strongly discordant ± 8 Ma (MSWD = 1.3) for the youngest coherent group of discordant, and one analysis <1000 Ma indicates high 26 analyses (Group D; Table 1) are unreliable, and age components at c. 1576, 1489, 1299, 1183, 1100,",
226186,226186.1,226186.1.pdf,YES_MODERATE_CONFIDENCE,Parsed table with >=3 non-D analyses.,OK_UPBDATA,UPBDATA_LINK,24,18,6,D:6; S:17; Y:1,"The analyses are concordant to strongly discordant contributions from approximately 3 analyses (Fig. 5). (Fig. 3). Five analyses >1000 Ma are >5% discordant, This is interpreted as the age of the dominant zircon- (Group D; Table 1) are unreliable, and are considered not have been reworked into this rock.",
227224,227224.1,227224.1.pdf,YES_HIGH_CONFIDENCE,Group I present with >=5 non-D analyses.,OK,STRICT_20COL,18,18,0,I:17; P:1,"size. K-feldspar is anhedral, microperthitic, up to 2 mm The analyses are concordant to moderately discordant mainly equant magnetite grains are up to 0.7 mm in size, a weighted mean 207Pb*/206Pb* date of 2941 ± 3 Ma Figure 1. Hand specimen image of sample 227224: metagranodiorite, Edamurta Range Figure 2. Cathodoluminescence image of representative zircons from sample 227224: is interpreted as the magmatic crystallization age of the Zibra, I, Peternell, M, Schiller, M, Wingate, MTD, Lu, Y and Clos, F",
227268,227268.1,227268.1.pdf,YES_MODERATE_CONFIDENCE,Parsed table with >=3 non-D analyses.,OK,STRICT_20COL,6,5,1,D:1; S:3; Y:1; Z:1,"The analyses are concordant to strongly discordant Ivanic, TJ, Li, J, Meng, Y, Guo, L, Yu, J, Chen, SF, Wyche, S and Zibra, I (Fig. 3). One analysis is >5% discordant. The date 2015, Yalgoo, WA Sheet 2241: Geological Survey of Western unreliable, and is considered not to be geologically Lu, Y, Wingate, MTD, Kirkland, CL, and Ivanic, TJ 2016, 207686: can be based on the weighted mean 207Pb*/206Pb* date Groups Y and S. This date is interpreted as the age of the altered volcaniclastic rock, Woolgah Hill; Geochronology Record Group Z is interpreted as the age of a zircon contaminant.",
228446,228446.1,228446.1.pdf,YES_HIGH_CONFIDENCE,Group I present with >=5 non-D analyses.,OK,STRICT_20COL,18,14,4,D:4; I:7; X:7,"The analyses are concordant to moderately discordant (Fig. 3). Four analyses are >7% discordant. The dates are unreliable, and are considered not to be geologically after titanite are up to 1 mm long. Brown metamict a weighted mean 207Pb*/206Pb* date of 2903 ± 4 Ma Figure 2. Cathodoluminescence image of representative zircons from sample 228446: weighted mean 207Pb*/ 206Pb* date of 3181 ± 12 Ma Wingate, MTD, Lu, Y, Fielding, IOH and Howard, HM 2021, 228446: Group I is interpreted as the igneous crystallization age Data obtained: 6 September 2019 four analyses in Group X is interpreted as the age of an",
229285,229285.1,229285.1.pdf,YES_MODERATE_CONFIDENCE,Parsed table with >=3 non-D analyses.,OK_UPBDATA,UPBDATA_LINK,27,26,1,D:1; S:23; Y:1; Z:2,The analyses are concordant to moderately discordant (Fig. 3). One analysis is >5% discordant. The date obtained from this analysis (Group D; Table 1) is unreliable and considered not to be geologically significant. The remaining 26 analyses can conservative estimate of the maximum depositional age can be based on the weighted mean 207Pb*/206Pb date of 3006 ± 6,
229320,229320.1,229320.1.pdf,YES_HIGH_CONFIDENCE,Group I present with >=5 non-D analyses.,OK_UPBDATA,UPBDATA_LINK,17,17,0,I:17,"The analyses are concordant to moderately discordant (Fig. 3), and form a single group based on their 207Pb*/206Pb* Group I comprises 17 analyses (Table 1), which yield a weighted mean 207Pb*/206Pb* date of 2630 ± 7 Ma (MSWD = The date of 2630 ± 7 Ma for the 17 analyses in Group I is interpreted as the igneous crystallization age of the monzogranite",
229748,229748.1,229748.1.pdf,YES_HIGH_CONFIDENCE,Group I present with >=5 non-D analyses.,OK_UPBDATA,UPBDATA_LINK,17,11,6,D:6; I:9; P:2,"The analyses are concordant to strongly discordant (Fig. 3). Six analyses are >6% discordant. The dates obtained from these six analyses (Group D; Table 1) are unreliable, and considered not to be geologically significant. The remaining 11 Group I comprises nine analyses of eight zircons (Table 1), which yield a weighted mean 207Pb*/206Pb* date of 2821 ± 10 The date of 2821 ± 10 Ma for the nine analyses in Group I is interpreted as the igneous crystallization age of the tonalitic crossed squares indicate Group D (discordance >6%). One strongly discordant analysis in Group D is",
229828,229828.1,229828.1.pdf,YES_HIGH_CONFIDENCE,Group I present with >=5 non-D analyses.,OK,STRICT_20COL,18,18,0,I:18,"microcline is strained. Lithic grains are subangular, up to The analyses are concordant to moderately discordant is no indication of grading at the scale of the thin section. a weighted mean 207Pb*/ 206Pb* date of 2703 ± 6 Ma up to 0.4 mm in diameter, and altered to titanite and brown interpreted as the igneous crystallization age of the source sericite–albite–quartz. Where the alteration is most intense, maximum age of deposition for the sandstone. Figure 2. Cathodoluminescence image of representative zircons from sample 229828:",
230507,230507.1,230507.1.pdf,YES_HIGH_CONFIDENCE,Group I present with >=5 non-D analyses.,OK,STRICT_20COL,15,13,2,D:2; I:6; P:5; X:2,"The analyses are concordant to moderately discordant Pidgeon, RT and Wilde, SA 1990, The distribution of 3.0 Ga and 2.7 (Fig. 3). Two analyses are >5% discordant. The dates Ga volcanic episodes in the Yilgarn Craton of Western Australia: are unreliable, and considered not to be geologically Sapkota, J and De Paoli, MC 2016, Little Peters Formation (A-GIl-f): a weighted mean 207Pb*/ 206Pb* date of 2650 ± 6 Ma interpreted as the igneous crystallization age of the dacite.",
230514,230514.1,230514.1.pdf,YES_HIGH_CONFIDENCE,Group I present with >=5 non-D analyses.,OK,STRICT_20COL,14,13,1,D:1; I:6; P:6; Z:1,"The analyses are concordant to moderately discordant Pidgeon, RT and Wilde, SA 1990, The distribution of 3.0 Ga and 2.7 (Fig. 3). One analysis is >5% discordant. The date obtained Ga volcanic episodes in the Yilgarn Craton of Western Australia: from this analysis (Group D; Table 1) is unreliable, and is Precambrian Research, v. 48, p. 309–325. a weighted mean 207Pb*/ 206Pb* date of 2660 ± 6 Ma Stacey, JS and Kramers, JD 1975, Approximation of terrestrial lead isotope interpreted as the igneous crystallization age of the rhyolite. Geological Survey of Western Australia, WA Geology Online, Explanatory is interpreted as the age of a possible zircon contaminant Re­commended reference for this",
231142,231142.1,231142.1.pdf,YES_HIGH_CONFIDENCE,Group I present with >=5 non-D analyses.,OK_UPBDATA,UPBDATA_LINK,23,21,2,D:2; I:21,"The analyses are slightly discordant to moderately discordant (Fig. 3). Two analyses are >5% discordant. The dates obtained from these two analyses (Group D; Table 1) are unreliable and are considered not to be geologically significant. Group I comprises 21 analyses of 21 zircons (Table 1), which yield a weighted mean 207Pb*/206Pb* date of 2701 ± 3 Ma The date of 2701 ± 3 Ma for the 21 analyses in Group I is interpreted as the igneous crystallization age of the granodiorite.",
231258,231258.1,231258.1.pdf,YES_HIGH_CONFIDENCE,Group I present with >=5 non-D analyses.,OK_UPBDATA,UPBDATA_LINK,16,12,4,D:4; I:12,"The analyses are concordant to moderately discordant (Fig. 3). Four analyses are >5% discordant. The dates obtained from these four analyses (Group D; Table 1) are unreliable and considered not to be geologically significant. The remaining 12 Group I comprises 12 analyses of nine zircons (Table 1), which yield a weighted mean 207Pb*/206Pb* date of 2674 ± 4 Ma The date of 2674 ± 4 Ma for the 12 analyses in Group I is interpreted as the igneous crystallization age of the granodiorite.",
231273,231273.1,231273.1.pdf,YES_HIGH_CONFIDENCE,Group I present with >=5 non-D analyses.,OK_UPBDATA,UPBDATA_LINK,20,19,1,D:1; I:19,"The analyses are concordant to strongly discordant (Fig. 3). One analysis is >6% discordant. The date obtained from this analysis (Group D; Table 1) is unreliable and considered not to be geologically significant. The remaining 19 analyses form Group I comprises 19 analyses of 15 zircons (Table 1), which yield a weighted mean 207Pb*/206Pb* date of 2675 ± 5 Ma The date of 2675 ± 5 Ma for the 19 analyses in Group I is interpreted as the igneous crystallization age of the granodiorite.",
232522,232522.1,232522.1.pdf,YES_HIGH_CONFIDENCE,Group I present with >=5 non-D analyses.,OK,STRICT_20COL,22,16,6,D:6; I:13; P:2; X:1,"sphalerite. Plagioclase (An34, andesine) is anhedral to The analyses are concordant to strongly discordant subhedral, equant to slightly tabular, up to 3 mm long, and (Fig. 3). Six analyses are >5% discordant. The dates 5 mm in size, weakly to moderately strained, and exhibits are unreliable, and are considered not to be geologically to subhedral laths up to 1 mm long, and muscovite forms which yield a weighted mean 207Pb*/ 206Pb* date of Figure 2. Cathodoluminescence image of representative zircons from sample 232522: is interpreted as the igneous crystallization age of the Survey of Western Australia, Mineral Exploration Report A118065, single analysis in Group X is interpreted as the age of an",
235129,235129.1,235129.1.pdf,YES_HIGH_CONFIDENCE,Group I present with >=5 non-D analyses.,OK,STRICT_20COL,16,16,0,I:16,"epidote. Green hornblende is subhedral, tabular, up to The analyses are concordant to slightly discordant (Fig. 3), exhibits incipient subgraining and recrystallization around a weighted mean 207Pb*/206Pb* date of 2716 ± 5 Ma Figure 2. Cathodoluminescence image of representative zircons from sample 235129: interpreted as the igneous crystallization age of the quartz",
235199,235199.1,235199.1.pdf,YES_HIGH_CONFIDENCE,Group I present with >=5 non-D analyses.,OK,STRICT_20COL,25,22,3,D:3; I:21; P:1,"parallel to plagioclase phenocrysts. Plagioclase The analyses are concordant to strongly discordant phenocrysts are subhedral to euhedral, mostly tabular, up (Fig. 3). Three analyses are >5% discordant. The dates epidote and carbonate. Some plagioclase laths up to 1 mm are unreliable, and considered not to be geologically Figure 2. Cathodoluminescence image of representative zircons from sample 235199: a weighted mean 207Pb*/206Pb* date of 2808 ± 3 Ma Romano, SS and Doublier, MP 2012, Adding pieces to the puzzle: interpreted as the igneous crystallization age of the dacite. Wingate, MTD, Fielding, IOH, Lu, Y and Grech, LL 2021, 235129:",
236002,236002.1,236002.1.pdf,YES_HIGH_CONFIDENCE,Group I present with >=5 non-D analyses.,OK,STRICT_20COL,22,22,0,I:22,"and zircon. The rock is strongly affected by a texturally The analyses are concordant to moderately discordant destructive alteration assemblage of fine-grained polygonal (Fig. 3), and form a single group, based on their sample exhibits an apparent coarse clastic texture, which a weighted mean 207Pb*/ 206Pb* date of 2702 ± 6 Ma groundmass is feldspathic with a crude trachytic texture interpreted as the age of igneous crystallization. Figure 2. Cathodoluminescence image of representative zircons from sample 236002:",
236191,236191.1,236191.1.pdf,YES_HIGH_CONFIDENCE,Group I present with >=5 non-D analyses.,OK,STRICT_20COL,19,18,1,D:1; I:18,"The analyses are concordant to moderately discordant the Vestfold Hills, East Antarctica: Contributions to Mineralogy and (Fig. 3). One analysis is >5% discordant. The date obtained Petrology, v. 115, p. 184–203. from this analysis (Group D; Table 1) is unreliable, and is Nelson, DR 1995, 112147: porphyritic dacite, Yindi Woolshed; a weighted mean 207Pb*/ 206Pb* date of 2706 ± 5 Ma Smithies, RH 1994, Geology of the Roe 1:100,000 Sheet: Geological is interpreted as the age of igneous crystallization.",
238531,238531.1,238531.1.pdf,YES_HIGH_CONFIDENCE,Group I present with >=5 non-D analyses.,OK,STRICT_20COL,11,11,0,I:8; X:3,"The analyses are concordant to slightly discordant (Fig. 3), Wingate, MTD, Fielding, IOH and Lu, Y 2019c, 203721: monzogranite, a weighted mean 207Pb*/206Pb* date of 2709 ± 7 Ma of Western Australia, 4p. I is interpreted as the igneous crystallization age of",
239798,239798.1,239798.1.pdf,YES_HIGH_CONFIDENCE,Group I present with >=5 non-D analyses.,OK,STRICT_20COL,20,18,2,D:2; I:10; X:8,"by abrupt changes in the orientation of compacted tube The analyses are concordant to moderately discordant vesicles. Most of the pumice is aphyric, although some (Fig. 3). Two analyses are >5% discordant. The dates in size. Plagioclase phenocrysts are subhedral to euhedral, are unreliable, and are considered not to be geologically Figure 2. Cathodoluminescence image of representative zircons from sample 239798: a weighted mean 207Pb*/206Pb* date of 1798 ± 9 Ma isotope evolution by a two-stage model: Earth and Planetary Science Group X yield a weighted mean 207Pb*/206Pb* date of Earth Sciences, v. 51, no. 5, p. 621–644. is interpreted as the igneous crystallization age of the in Group X is interpreted as the age of an inherited Wingate, MTD, Fielding, IOH, Lu, Y and Martin, DMcB 2021, 225797:",
240118,240118.1,240118.1.pdf,YES_HIGH_CONFIDENCE,Group I present with >=5 non-D analyses.,OK,STRICT_20COL,17,14,3,D:3; I:14,"larger K-feldspar grains. Myrmekite also forms irregular The analyses are concordant to strongly discordant aggregates up to 2.5 mm in size that consist of many small (Fig. 3). Three analyses are >20% discordant. The dates grains. Biotite forms anhedral to subhedral, equant grains are unreliable, and are considered not to be geologically Figure 1. Hand specimen image of sample 240118: metamonzogranite, Mount Mason Figure 2. Cathodoluminescence image of representative zircons from sample 240118: a weighted mean 207Pb*/206Pb* date of 2690 ± 7 Ma is interpreted as the igneous crystallization age of the Geological Survey of Western Australia, 4p.",
240481,240481.1,240481.1.pdf,YES_HIGH_CONFIDENCE,Group I present with >=5 non-D analyses.,OK,STRICT_20COL,22,19,3,D:3; I:18; X:1,"The analyses are concordant to moderately discordant Rasmussen, B, Mueller, AG and Fletcher, IR 2009, Zirconolite and (Fig. 3). Three analyses are >5% discordant. The dates xenotime U-Pb age constraints on the emplacement of the Golden are unreliable, and are considered not to be geologically Eastern Goldfields Province, Yilgarn Craton, Western Australia: interpreted as the age of igneous crystallization. The date Survey of Western Australia, 1:100 000 Geological Series Explanatory interpreted as the age of an inherited zircon.",
242405,242405.1,242405.1.pdf,YES_HIGH_CONFIDENCE,Group I present with >=5 non-D analyses.,OK,STRICT_20COL,16,15,1,D:1; I:15,"The analyses are concordant to strongly discordant publication (Fig. 3). One analysis is >40% discordant. The date Wingate, MTD, Fielding, IOH, Lu, Y and Ivanic, T 2021, 242405: unreliable, and considered not to be geologically 1805: Geological Survey of Western Australia, 4p. a weighted mean 207Pb*/206Pb* date of 2928 ± 5 Ma is interpreted as the igneous crystallization age of the",
242407,242407.1,242407.1.pdf,YES_HIGH_CONFIDENCE,Group I present with >=5 non-D analyses.,OK,STRICT_20COL,16,16,0,I:16,"The analyses are concordant to slightly discordant (Fig. 3), in size. Some biotite has been replaced by chlorite. a weighted mean 207Pb*/206Pb* date of 2932 ± 5 Ma Figure 1. Drillcore image of sample 242407: metadacite, Bungeye Well Figure 2. Cathodoluminescence image of representative zircons from sample 242407: interpreted as the igneous crystallization age of the dacite.",
242435,242435.1,242435.1.pdf,YES_HIGH_CONFIDENCE,Group I present with >=5 non-D analyses.,OK_UPBDATA,UPBDATA_LINK,16,14,2,D:2; I:14,"The analyses are concordant to strongly discordant (Fig. 2). Two analyses are >8% discordant. The dates obtained from these two analyses (Group D; Table 1) are unreliable and are considered not to be geologically significant. The remaining Group I comprises 14 analyses (Table 1), which yield a weighted mean 207Pb*/206Pb* date of 2679 ± 4 Ma (MSWD = The date of 2679 ± 4 Ma for the 14 analyses in Group I is interpreted as the igneous crystallization age of the",
242439,242439.1,242439.1.pdf,YES_HIGH_CONFIDENCE,Group I present with >=5 non-D analyses.,OK_UPBDATA,UPBDATA_LINK,18,17,1,D:1; I:11; P:3; X:1; Z:2,"The analyses are concordant to moderately discordant (Fig. 2). One analysis is >8% discordant. The date obtained from this analysis (Group D, Table 1) is unreliable and considered not to be geologically significant. The remaining 17 analyses can Group I comprises 11 analyses (Table 1), which yield a weighted mean 207Pb*/206Pb* date of 3275 ± 5 Ma (MSWD = The date of 3275 ± 5 Ma for the 11 analyses in Group I is interpreted as the igneous crystallization age of the granodiorite The date of 3506 ± 4 Ma for the single analysis in Group X is interpreted as the age of an inherited component. The dates",
242442,242442.1,242442.1.pdf,YES_HIGH_CONFIDENCE,Group I present with >=5 non-D analyses.,OK_UPBDATA,UPBDATA_LINK,18,17,1,D:1; I:13; P:4,"The analyses are concordant to moderately discordant (Fig. 3). One analysis is >5% discordant. The date obtained from this analysis (Group D; Table 1) is unreliable and is considered not to be geologically significant. The remaining 17 analyses Group I comprises 13 analyses (Table 1), which yield a weighted mean 207Pb*/206Pb* date of 2939 ± 5 Ma (MSWD = The date of 2939 ± 5 Ma for the 13 analyses in Group I is interpreted as the magmatic crystallization age of the",
242455,242455.1,242455.1.pdf,YES_HIGH_CONFIDENCE,Group I present with >=5 non-D analyses.,OK_UPBDATA,UPBDATA_LINK,15,15,0,I:15,"The analyses are concordant to moderately discordant (Fig. 3), and form a single group, based on their 207Pb*/206Pb* Group I comprises 15 analyses (Table 1), which yield a weighted mean 207Pb*/206Pb* date of 2973 ± 4 Ma (MSWD = The date of 2973 ± 4 Ma for the 15 analyses in Group I is interpreted as the igneous crystallization age of the protolith to",
242490,242490.1,242490.1.pdf,YES_HIGH_CONFIDENCE,Group I present with >=5 non-D analyses.,OK_UPBDATA,UPBDATA_LINK,14,13,1,D:1; I:11; X:2,"The analyses are slightly discordant to moderately discordant (Fig. 3). One analysis is >5% discordant. The date obtained from this analysis (Group D; Table 1) is unreliable and is considered not to be geologically significant. The remaining 13 Group I comprises 11 analyses (Table 1), which yield a weighted mean 207Pb*/206Pb* date of 2693 ± 7 Ma (MSWD = Group X comprises two analyses (Table 1), which yield a weighted mean 207Pb*/206Pb* date of 2724 ± 8 Ma (MSWD = The date of 2693 ± 7 Ma for the 11 analyses in Group I is interpreted as the magmatic crystallization age of the monzogranite. The date of 2724 ± 8 Ma for the two analyses in Group X is interpreted as the age of an inherited",
242491,242491.1,242491.1.pdf,YES_HIGH_CONFIDENCE,Group I present with >=5 non-D analyses.,OK_UPBDATA,UPBDATA_LINK,21,19,2,D:2; I:17; X:2,"The analyses are concordant to moderately discordant (Fig. 3). Two analyses are >5% discordant. The dates obtained from these two analyses (Group D; Table 1) are unreliable and are considered not to be geologically significant. The remaining Group I comprises 17 analyses (Table 1), which yield a weighted mean 207Pb*/206Pb* date of 2701 ± 5 Ma (MSWD = The date of 2701 ± 5 Ma for the 17 analyses in Group I is interpreted as the magmatic crystallization age of the",
242492,242492.1,242492.1.pdf,YES_HIGH_CONFIDENCE,Group I present with >=5 non-D analyses.,OK_UPBDATA,UPBDATA_LINK,21,21,0,I:15; P:6,"The analyses are concordant to moderately discordant (Fig. 4), and form two groups, based on their 207Pb*/206Pb* and Group I comprises 15 analyses of 13 zircon cores and rims (Table 1), which yield a weighted mean 207Pb*/206Pb* date of The date of 2741 ± 4 Ma for the 15 analyses in Group I is interpreted as the igneous crystallization age. The dates of 2713– Figure 3. Cathodoluminescence image of representative zircons from sample 242492: migmatitic gneiss, Reserve",
242493,242493.1,242493.1.pdf,YES_HIGH_CONFIDENCE,Group I present with >=5 non-D analyses.,OK_UPBDATA,UPBDATA_LINK,18,18,0,I:18,"The analyses are concordant to moderately discordant (Fig. 4), and form a single group, based on their 207Pb*/206Pb* Group I comprises 18 analyses (Table 1), which yield a weighted mean 207Pb*/206Pb* date of 2687 ± 4 Ma (MSWD = The date of 2687 ± 4 Ma for the 18 analyses in Group I is interpreted as the age of igneous crystallization. Figure 3. Cathodoluminescence image of representative zircons from sample 242493: metagranodiorite",
242497,242497.1,242497.1.pdf,YES_MODERATE_CONFIDENCE,Parsed table with >=3 non-D analyses.,OK_UPBDATA,UPBDATA_LINK,20,19,1,D:1; X:19,"The analyses are concordant to moderately concordant (Fig. 4). One analysis is >5% discordant. The date obtained from this analysis (Group D; Table 1) is unreliable, and considered not to be geologically significant. The remaining 19 analyses analyses in Group X yield a weighted mean 207Pb*/206Pb* date of 3040 ± 3 Ma (MSWD = 0.78), interpreted as the age of",
242498,242498.1,242498.1.pdf,YES_MODERATE_CONFIDENCE,Parsed table with >=3 non-D analyses.,OK_UPBDATA,UPBDATA_LINK,42,37,5,D:5; S:36; Y:1,"The analyses are concordant to moderately discordant (Fig. 3). Five analyses are >5% discordant. The dates obtained from these five analyses (Group D; Table 1) are unreliable, and are considered not to be geologically significant. The remaining Ma (1σ) for the single analysis in Group Y represents a maximum age of deposition for the sedimentary precursor. A more conservative estimate of the maximum depositional age can be based on the weighted mean 207Pb*/206Pb* date of 3037 ± from 37 analyses. This is interpreted as the age of the dominant zircon-crystallizing rock in the detrital source region, or the age of a detrital component within sediments that have been reworked into this rock.",
242634,242634.1,242634.1.pdf,YES_HIGH_CONFIDENCE,Group I present with >=5 non-D analyses.,OK_UPBDATA,UPBDATA_LINK,18,18,0,I:18,"The analyses are concordant to slightly discordant (Fig. 3), and form a single group, based on their 207Pb*/206Pb* ratios. Group I comprises 18 analyses (Table 1), which yield a weighted mean 207Pb*/206Pb* date of 2627 ± 6 Ma (MSWD = The date of 2627 ± 6 Ma for the 18 analyses in Group I is interpreted as the igneous crystallization age.",
242652,242652.1,242652.1.pdf,YES_HIGH_CONFIDENCE,Group I present with >=5 non-D analyses.,OK,STRICT_20COL,36,32,4,D:4; I:14; P:1; X:17,"The analyses are concordant to strongly discordant (Fig. 3). Four analyses are >5% discordant. The dates are unreliable, and considered not to be geologically which yield a weighted mean 207 Pb*/ 206 Pb* date Baxter, JL and Lipple, SL 1985, Perenjori, WA Sheet SH 50-6: which yield a weighted mean 207Pb*/ 206Pb* date of Australia, Memoir 3, p. 32–60.",
242672,242672.1,242672.1.pdf,YES_HIGH_CONFIDENCE,Group I present with >=5 non-D analyses.,OK,STRICT_20COL,17,17,0,I:17,"The analyses are concordant to moderately discordant Figure 1. Hand specimen image of sample 242672: felsic metavolcanic rock, Solomon Figure 2. Cathodoluminescence image of all zircons from sample 242672: felsic a weighted mean 207Pb*/206Pb* date of 3002 ± 4 Ma is interpreted as the igneous crystallization age of the Geological Survey of Western Australia, 4p.",
242683,242683.1,242683.1.pdf,NO_DATA_PARSED,No table rows parsed from PDF or linked data table.,NO_TABLE_ROWS_PARSED,,0,0,0,,"The analyses are concordant to strongly discordant (Fig. 3). Eleven analyses are >5% discordant. The dates obtained from these 11 analyses (Group D; Table 1) are unreliable and are considered not to be geologically significant. The remaining 23 Group I comprises seven analyses of five zircons (Table 1), which yield a weighted mean 207Pb*/206Pb* date of 2793 ± 8 analyses of 13 zircons in Group X yield a weighted mean 207Pb*/206Pb* date of 2947 ± 5 Ma (MSWD = 1.2). The date of 2793 ± 8 Ma for the seven analyses in Group I is interpreted as the magmatic crystallization age. The dates of 14 analyses in Group X is interpreted as the age of an inherited component.",
242695,242695.1,242695.1.pdf,YES_HIGH_CONFIDENCE,Group I present with >=5 non-D analyses.,OK,STRICT_20COL,17,17,0,I:17,"forms subhedral to euhedral crystals up to 2 mm in size, The analyses are concordant to slightly discordant (Fig. 3), Quartz is anhedral, irregular, interstitial to feldspars, a weighted mean 207Pb*/ 206Pb* date of 2754 ± 4 Ma equant laths up to 1 mm long, locally replaced by chlorite. is interpreted as the magmatic crystallization age of the Figure 1. Hand specimen image of sample 242695: hornblende metamonzonite, Olivers Figure 2. Cathodoluminescence image of representative zircons from sample 242695:",
242908,242908.1,242908.1.pdf,YES_HIGH_CONFIDENCE,Group I present with >=5 non-D analyses.,OK,STRICT_20COL,22,22,0,I:20; X:2,"The analyses are concordant to slightly discordant (Fig. 3), Explanatory Notes extract, viewed 08 September 2021, <www.dmp. which yield a weighted mean 207Pb*/ 206Pb* date of wa.gov.au/ens>. is interpreted as the igneous crystallization age. The dates late Paleoproterozoic Duck Creek Formation, Western Australia:",
242931,242931.1,242931.1.pdf,YES_HIGH_CONFIDENCE,Group I present with >=5 non-D analyses.,OK,STRICT_20COL,20,19,1,D:1; I:19,"The analyses are concordant to moderately discordant Stacey, JS and Kramers, JD 1975, Approximation of terrestrial lead isotope (Fig. 3). One analysis is >6% discordant. The date obtained evolution by a two-stage model: Earth and Planetary Science Letters, from this analysis (Group D; Table 1) is unreliable, v. 26, p. 207–221. a weighted mean 207Pb*/ 206Pb* date of 1873 ± 9 Ma (P_-WYj-b): Geological Survey of Western Australia, WA is interpreted as the igneous crystallization age of the Wingate, MTD, Lu, Y, Fielding, IOH and Johnson, SP 2019, 219580: felsic",
245105,245105.1,245105.1.pdf,YES_HIGH_CONFIDENCE,Group I present with >=5 non-D analyses.,OK,STRICT_20COL,19,19,0,I:19,"The analyses are concordant to moderately discordant 6p. a weighted mean 207Pb*/206Pb* date of 2664 ± 4 Ma porphyritic dacite, Four Mile Hill; Geochronology Record 1759: is interpreted as the igneous crystallization age of the porphyritic microgranite, Kanowna Consuls mine; Geochronology",
245115,245115.1,245115.1.pdf,YES_HIGH_CONFIDENCE,Group I present with >=5 non-D analyses.,OK,STRICT_20COL,32,29,3,D:3; I:19; P:10,"The analyses are concordant to moderately discordant (Fig. 3). Three analyses are >5% discordant. The dates are unreliable, and are considered not to be geologically tabular, and up to 2 mm long. Pyrite is subhedral to which yield a weighted mean 207Pb*/ 206Pb* date of Figure 2. Cathodoluminescence image of representative zircons from sample 245115: is interpreted as the igneous crystallization age of the",
245122,245122.1,245122.1.pdf,YES_HIGH_CONFIDENCE,Group I present with >=5 non-D analyses.,OK,STRICT_20COL,26,20,6,D:6; I:12; P:8,"The analyses are concordant to strongly discordant Australia, Report 55, 80p. (Fig. 3). Six analyses are >7% discordant. The dates Rasmussen, B, Mueller, AG and Fletcher, IR 2009, Zirconolite and are unreliable, and are considered not to be geologically Mile Dolerite sill and gold mineralization at the Mt Charlotte mine, which yield a weighted mean 207Pb*/ 206Pb* date of and sedimentation related to episodic granite emplacement during the is interpreted as the igneous crystallization age of the",
245127,245127.1,245127.1.pdf,YES_HIGH_CONFIDENCE,Group I present with >=5 non-D analyses.,OK,STRICT_20COL,16,16,0,I:15; P:1,"The analyses are concordant to slightly discordant (Fig. 3), Mile Dolerite sill and gold mineralization at the Mt Charlotte mine, a weighted mean 207Pb*/206Pb* date of 2682 ± 4 Ma and sedimentation related to episodic granite emplacement during the is interpreted as the igneous crystallization age of the",
248205,248205.1,248205.1.pdf,YES_MODERATE_CONFIDENCE,Parsed table with >=3 non-D analyses.,OK,STRICT_20COL,80,79,1,D:1; S:78; Y:1,"This sample was analysed on 19–20 and 25–26 November The analyses are concordant to moderately discordant 2021, using SHRIMP-B. Analyses 1.1 to 40.1 (spot (Fig. 3). One analysis is >5% discordant. The date together with 10 analyses of the M257 standard, which unreliable, and considered not to be geologically according to the model of Stacey and Kramers (1975). can be based on the weighted mean date of 2669 ± 2 Ma",
248284,248284.2,248284.2.pdf,YES_HIGH_CONFIDENCE,Group I present with >=5 non-D analyses.,OK_UPBDATA,UPBDATA_LINK,19,15,4,D:4; I:15,"The analyses are concordant to strongly discordant (Fig. 3). Four analyses are >5% discordant. The dates obtained from these four analyses (Group D; Table 1) are unreliable and considered not to be geologically significant. The remaining 15 Group I comprises 15 analyses of 15 zircons (Table 1), which yield a weighted mean 207Pb*/206Pb* date of 2639 ± 7 Ma The date of 2639 ± 7 Ma for the 15 analyses in Group I is interpreted as the igneous crystallization age of the",
249438,249438.1,249438.1.pdf,YES_HIGH_CONFIDENCE,Group I present with >=5 non-D analyses.,OK,STRICT_20COL,37,27,10,D:10; I:21; X:6,"rounded, transparent, and up to 2 mm in size. Some quartz The analyses are concordant to strongly discordant granoblastic mosaic of unstrained grains, and some are are >5% discordant. The dates obtained from these new grains. Although most plagioclase and quartz occurs as 12 analyses (Group D; Table 1) are unreliable, and Figure 2. Cathodoluminescence image of representative zircons from sample 249438: is interpreted as the igneous crystallization age of the publication analyses in Group X is interpreted as age of an inherited",
