sample_id,priority_for_spot_retrieval,documents_flag_in_legacy_csv,available_flag_in_legacy_csv,has_igsn_link,igsn_links,mount_ids,doc_types,recommended_refs
#57 SKARN,HIGH,Y,Y,Y,http://hdl.handle.net/10273/XXAB000IZ; http://hdl.handle.net/10273/XXAB000J6; http://hdl.handle.net/10273/XXAB000JS,99-36; 99-42; 99-50,"Notebook Sketch; SHRIMP Logsheet; SHRIMP Logsheet, Notebook Sketch","R. Edgecombe, 1999 - The Late Proterozoic O'Callaghans Granite and associated tungsten skarn (Telfer District, Western Australia) - UWA Honours thesis"
113982,LOW,N,N,Y,http://hdl.handle.net/10273/XXAB001VT,94-31,,
144329,HIGH,Y,Y,Y,http://hdl.handle.net/10273/XXAB00056,96-01,SHRIMP Logsheet,"P - Ross et al., 2004 - Precambrian Research - https://doi.org/10.1016/j.precamres.2003.08.013"
1443292,LOW,N,Y,Y,http://hdl.handle.net/10273/XXAB0003M,95-21,,"A Ross, 2002 - Genesis of the Kanowna Belle gold deposit, Kalgoorlie, Western Australia - UWA PhD Thesis"
173/40-41,LOW,N,Y,Y,http://hdl.handle.net/10273/XXAB0000M,94-12,,"P - Vielreicher and McNaughton, 2002 - International Journal of Earth Sciences - DOI 10.1007/s00531-001-0233-z, T - McMillan, 1996 - UWA PhD Thesis"
17580N,LOW,N,Y,Y,http://hdl.handle.net/10273/XXAB000TJ; http://hdl.handle.net/10273/XXAB00222,B-67; B-71,,"Baggott et al., 2005 - Economic Geology - https://doi.org/10.2113/gsecongeo.100.7.1389"
17580N 1,LOW,N,Y,Y,http://hdl.handle.net/10273/XXAB000SY,B-50,,"Baggott et al., 2005 - Economic Geology - https://doi.org/10.2113/gsecongeo.100.7.1389"
17580N 2,LOW,N,Y,Y,http://hdl.handle.net/10273/XXAB000SZ,B-50,,"Baggott et al., 2005 - Economic Geology - https://doi.org/10.2113/gsecongeo.100.7.1389"
17580N MAG III,LOW,N,N,Y,http://hdl.handle.net/10273/XXAB00221,B-67,,"Baggott et al., 2005 - Economic Geology - https://doi.org/10.2113/gsecongeo.100.7.1389"
19A-785,HIGH,Y,Y,Y,http://hdl.handle.net/10273/XXAB0001E,94-24,SHRIMP Logsheet,"Mueller and McNaughton, 2018 - Mineralium Deposita - doi: 10.1007/s00126-017-0722-z"
236,LOW,N,Y,Y,http://hdl.handle.net/10273/XXAB0000T,94-14,,"H Dalstra, 1995 - Metamorphic and structural evolution of greenstone belts of the southern cross-diemas region of the Yilgarn block, Western Australia, and its relationship to gold mineralisation - UWA PhD Thesis"
239,LOW,N,Y,Y,http://hdl.handle.net/10273/XXAB0000V,94-15,,"H Dalstra, 1995 - Metamorphic and structural evolution of greenstone belts of the southern cross-diemas region of the Yilgarn block, Western Australia, and its relationship to gold mineralisation - UWA PhD Thesis"
294826/6,LOW,N,Y,Y,http://hdl.handle.net/10273/XXAB000CZ,98-08,,"P - Hall, 2005 - Australian Journal of Earth Sciences - https://doi.org/10.1080/08120090500134506, T - C Hall 2002, - Sedimentary, geochemistry and palaeogeography of the Lower Fortescue Group, Hamersley Province, Western Australia - UWA PhD Thesis"
32A-1377,HIGH,Y,Y,Y,http://hdl.handle.net/10273/XXAB00031,95-13,SHRIMP Logsheet,"Mueller and McNaughton, 2018 - Mineralium Deposita - doi: 10.1007/s00126-017-0722-z"
32A-588,HIGH,Y,Y,Y,http://hdl.handle.net/10273/XXAB00030,95-13,SHRIMP Logsheet,"Mueller and McNaughton, 2018 - Mineralium Deposita - doi: 10.1007/s00126-017-0722-z"
32A-588.8,HIGH,Y,Y,Y,http://hdl.handle.net/10273/XXAB0001D,94-24,SHRIMP Logsheet,"Mueller and McNaughton, 2018 - Mineralium Deposita - doi: 10.1007/s00126-017-0722-z"
32A-603,HIGH,Y,Y,Y,http://hdl.handle.net/10273/XXAB0002Y; http://hdl.handle.net/10273/XXAB0003B,95-12; 95-14,"SHRIMP Logsheet, Notebook Sketch","Mueller and McNaughton, 2018 - Mineralium Deposita - doi: 10.1007/s00126-017-0722-z; Mueller et al., 1996 - Economic Geology - https://doi.org/10.2113/gsecongeo.91.5.896"
32A-603.7,HIGH,Y,Y,Y,http://hdl.handle.net/10273/XXAB00032,95-13,SHRIMP Logsheet,"Mueller and McNaughton, 2018 - Mineralium Deposita - doi: 10.1007/s00126-017-0722-z"
396390,LOW,N,Y,Y,http://hdl.handle.net/10273/XXAB001SB,17-22,,
396391,LOW,N,Y,Y,http://hdl.handle.net/10273/XXAB001SI; http://hdl.handle.net/10273/XXAB001SV,17-23; 17-31,,
396392,LOW,N,Y,Y,http://hdl.handle.net/10273/XXAB001SC; http://hdl.handle.net/10273/XXAB001ST,17-22; 17-30,,
396393,LOW,N,Y,Y,http://hdl.handle.net/10273/XXAB001SD,17-22,,
396394,LOW,N,Y,Y,http://hdl.handle.net/10273/XXAB001SE,17-22,,
396395,LOW,N,Y,Y,http://hdl.handle.net/10273/XXAB001SG,17-23,,
396396,LOW,N,Y,Y,http://hdl.handle.net/10273/XXAB001SJ; http://hdl.handle.net/10273/XXAB001SL,17-23; 17-24,,
396397,LOW,N,Y,Y,http://hdl.handle.net/10273/XXAB001SH,17-23,,
397587C,HIGH,Y,Y,Y,http://hdl.handle.net/10273/XXAB0003N,95-21,SHRIMP Logsheet,"A Ross, 2002 - Genesis of the Kanowna Belle gold deposit, Kalgoorlie, Western Australia - UWA PhD Thesis"
397587Z,HIGH,Y,Y,Y,http://hdl.handle.net/10273/XXAB00044,95-30,SHRIMP Logsheet,"A Ross, 2002 - Genesis of the Kanowna Belle gold deposit, Kalgoorlie, Western Australia - UWA PhD Thesis"
3CBS,LOW,N,Y,Y,http://hdl.handle.net/10273/XXAB001HI,05-20,,"Krapez et al., 2017 - Precambrian Research - http://dx.doi.org/10.1016/j.precamres.2017.03.020"
429121Z COARSE,HIGH,Y,Y,Y,http://hdl.handle.net/10273/XXAB00045,95-30,SHRIMP Logsheet,"P - Ross et al., 2004 - Precambrian Research - https://doi.org/10.1016/j.precamres.2003.08.013"
429121Z FINE,HIGH,Y,Y,Y,http://hdl.handle.net/10273/XXAB00046,95-30,SHRIMP Logsheet,"P - Ross et al., 2004 - Precambrian Research - https://doi.org/10.1016/j.precamres.2003.08.013"
495588Z,HIGH,Y,Y,Y,http://hdl.handle.net/10273/XXAB00055,96-01,SHRIMP Logsheet,"P - Ross et al., 2004 - Precambrian Research - https://doi.org/10.1016/j.precamres.2003.08.013"
60109986,LOW,N,N,N,,16-21; 16-22,,
60925,HIGH,Y,Y,Y,http://hdl.handle.net/10273/XXAB0001Q,94-28,SHRIMP Logsheet,"Buick et al., 2002 - Precambrian Research - https://doi.org/10.1016/S0301-9268(01)00221-2"
65024000,LOW,N,N,N,,16-24,,
70650,HIGH,Y,Y,Y,http://hdl.handle.net/10273/XXAB0001O,94-27,SHRIMP Logsheet,"Buick et al., 2002 - Precambrian Research - https://doi.org/10.1016/S0301-9268(01)00221-2"
70727,HIGH,Y,Y,Y,http://hdl.handle.net/10273/XXAB0002X,95-12,"SHRIMP Logsheet, Notebook Sketch","Buick et al., 2002 - Precambrian Research - https://doi.org/10.1016/S0301-9268(01)00221-2"
72263,HIGH,Y,Y,Y,http://hdl.handle.net/10273/XXAB0004Z,95-41,SHRIMP Logsheet,"Buick et al., 2002 - Precambrian Research - https://doi.org/10.1016/S0301-9268(01)00221-2"
78,LOW,N,Y,Y,http://hdl.handle.net/10273/XXAB001TY,18-15,,"V Barrote, 2019 Curtin PhD Thesis"
79/16,HIGH,Y,N,Y,http://hdl.handle.net/10273/XXAB001X6; http://hdl.handle.net/10273/XXAB001X8,96-66; 96-67,SHRIMP Logsheet,"J. Mikucki, 1997 - Contrasting fluid sources and mineralization styles in the Great Eastern Archaean lode-gold deposit, Lawlers, Western Australia - UWA Phd Thesis"
8400-5/60-65,LOW,N,Y,Y,http://hdl.handle.net/10273/XXAB0000P,94-12,,"P - Vielreicher and McNaughton, 2002 - International Journal of Earth Sciences - DOI 10.1007/s00531-001-0233-z, T - McMillan, 1996 - UWA PhD Thesis"
9305/010,LOW,N,Y,Y,http://hdl.handle.net/10273/XXAB0006C,96-19,,"S Wetherley, 2000 - Tectonometamorphic evolution of the Mount Barren Group, Albany-Fraser Province, Western Australia - UWA PhD Thesis"
9306/026,LOW,N,Y,Y,http://hdl.handle.net/10273/XXAB0004I,95-36,,"S Wetherley, 2000 - Tectonometamorphic evolution of the Mount Barren Group, Albany-Fraser Province, Western Australia - UWA PhD Thesis"
9306/032,HIGH,Y,Y,Y,http://hdl.handle.net/10273/XXAB0004J,95-36,SHRIMP Logsheet,"S Wetherley, 2000 - Tectonometamorphic evolution of the Mount Barren Group, Albany-Fraser Province, Western Australia - UWA PhD Thesis"
94003,HIGH,Y,Y,Y,http://hdl.handle.net/10273/XXAB0004Y,95-41,SHRIMP Logsheet,"Buick et al., 2002 - Precambrian Research - https://doi.org/10.1016/S0301-9268(01)00221-2"
95YQ-GF,LOW,N,Y,Y,http://hdl.handle.net/10273/XXAB0004W,95-40,,"Qiu et al. 1997, Chronique De La Recherche Miniere - see thesis ,Qiu 1997, Long-lived granitoid magmatism in the Southern Cross Province, Yilgarn Craton, Western Australia, and its relationships with Archaean lode-gold mineralization: UWA PhD Thesis"
95YQ-NW,HIGH,Y,Y,Y,http://hdl.handle.net/10273/XXAB0006E,96-20,SHRIMP Logsheet,"P - Qiu et al., 1999 - Australian Journal of Earth Sciences - DOI: 10.1046/j.1440-0952.1999.00758.x, T - Qiu, 1997 - UWA PhD Thesis"
95YQ100,HIGH,Y,Y,Y,http://hdl.handle.net/10273/XXAB000B1,97-24,SHRIMP Logsheet,"P - Qiu et al., 1999 - Australian Journal of Earth Science - https://doi.org/10.1046/j.1440-0952.1999.00715.x, T - Qiu, 1997 - UWA PhD Thesis"
95YQ104,HIGH,Y,Y,Y,http://hdl.handle.net/10273/XXAB0006V,96-25,SHRIMP Logsheet,"Y Qiu, 1997 - Long-lived granitoid magmatism in the Southern Cross Province, Yilgarn Craton, Western Australia, and its relationships with Archaean lode-gold mineralization - UWA PhD Thesis"
95YQ120,HIGH,Y,Y,Y,http://hdl.handle.net/10273/XXAB0006F,96-20,SHRIMP Logsheet,"Y Qiu, 1997 - Long-lived granitoid magmatism in the Southern Cross Province, Yilgarn Craton, Western Australia, and its relationships with Archaean lode-gold mineralization - UWA PhD Thesis"
95YQ87,HIGH,Y,Y,Y,http://hdl.handle.net/10273/XXAB0006W,96-25,SHRIMP Logsheet,"P - Qiu et al., 1999 - Australian Journal of Earth Sciences - DOI: 10.1046/j.1440-0952.1999.00758.x, T - Qiu, 1997 - UWA PhD Thesis"
97-71-A,HIGH,Y,N,Y,http://hdl.handle.net/10273/XXAB0028C,03-116,"SHRIMP Logsheet, Notebook Sketch",
97-71-I,HIGH,Y,N,Y,http://hdl.handle.net/10273/XXAB0028D,03-116,"SHRIMP Logsheet, Notebook Sketch",
9796 7038G,HIGH,Y,Y,Y,http://hdl.handle.net/10273/XXAB000AR,97-22,SHRIMP Logsheet,"Fletcher, McNaughton 2002, Granitoid geochronology: SHRIMP zircon and titanite data, in Characterisation and metallogenic significance of Archaean granitoids of the Yilgarn Craton, Western Australia: MERIWA Report 222."
9796 7069A,HIGH,Y,Y,Y,http://hdl.handle.net/10273/XXAB000NP; http://hdl.handle.net/10273/XXAB000NQ,A-38,"SHRIMP Logsheet, Notebook Sketch","Fletcher, McNaughton 2002, Granitoid geochronology: SHRIMP zircon and titanite data, in Characterisation and metallogenic significance of Archaean granitoids of the Yilgarn Craton, Western Australia: MERIWA Report 222."
9796 7069B,HIGH,Y,Y,Y,http://hdl.handle.net/10273/XXAB000NN; http://hdl.handle.net/10273/XXAB000NO,A-38,"SHRIMP Logsheet, Notebook Sketch","Fletcher, McNaughton 2002, Granitoid geochronology: SHRIMP zircon and titanite data, in Characterisation and metallogenic significance of Archaean granitoids of the Yilgarn Craton, Western Australia: MERIWA Report 222."
9796 7150,HIGH,Y,Y,Y,http://hdl.handle.net/10273/XXAB000DP; http://hdl.handle.net/10273/XXAB000FU,98-12; 98-76,"SHRIMP Logsheet, Notebook Sketch","Fletcher, McNaughton 2002, Granitoid geochronology: SHRIMP zircon and titanite data, in Characterisation and metallogenic significance of Archaean granitoids of the Yilgarn Craton, Western Australia: MERIWA Report 222."
9796 7152,HIGH,Y,Y,Y,http://hdl.handle.net/10273/XXAB000C1; http://hdl.handle.net/10273/XXAB000FS,97-43; 98-74,"SHRIMP Logsheet, Notebook Sketch","Fletcher, McNaughton 2002, Granitoid geochronology: SHRIMP zircon and titanite data, in Characterisation and metallogenic significance of Archaean granitoids of the Yilgarn Craton, Western Australia: MERIWA Report 222."
9796 7153,HIGH,Y,Y,Y,http://hdl.handle.net/10273/XXAB000C3,97-44,SHRIMP Logsheet,"Fletcher, McNaughton 2002, Granitoid geochronology: SHRIMP zircon and titanite data, in Characterisation and metallogenic significance of Archaean granitoids of the Yilgarn Craton, Western Australia: MERIWA Report 222."
9796 9023,HIGH,Y,Y,Y,http://hdl.handle.net/10273/XXAB000AQ,97-22,SHRIMP Logsheet,"Fletcher, McNaughton 2002, Granitoid geochronology: SHRIMP zircon and titanite data, in Characterisation and metallogenic significance of Archaean granitoids of the Yilgarn Craton, Western Australia: MERIWA Report 222."
9796 9044,HIGH,Y,Y,Y,http://hdl.handle.net/10273/XXAB000AP,97-22,SHRIMP Logsheet,"Fletcher, McNaughton 2002, Granitoid geochronology: SHRIMP zircon and titanite data, in Characterisation and metallogenic significance of Archaean granitoids of the Yilgarn Craton, Western Australia: MERIWA Report 222."
9796 9090,MEDIUM,Y,Y,Y,http://hdl.handle.net/10273/XXAB000BS,97-40,Notebook Sketch,"Fletcher, McNaughton 2002, Granitoid geochronology: SHRIMP zircon and titanite data, in Characterisation and metallogenic significance of Archaean granitoids of the Yilgarn Craton, Western Australia: MERIWA Report 222."
9796 9102B,HIGH,Y,Y,Y,http://hdl.handle.net/10273/XXAB000B7,97-26,SHRIMP Logsheet,"Fletcher, McNaughton 2002, Granitoid geochronology: SHRIMP zircon and titanite data, in Characterisation and metallogenic significance of Archaean granitoids of the Yilgarn Craton, Western Australia: MERIWA Report 222."
9796 9125,HIGH,Y,Y,Y,http://hdl.handle.net/10273/XXAB000BR,97-40,"SHRIMP Logsheet, Notebook Sketch","Fletcher, McNaughton 2002, Granitoid geochronology: SHRIMP zircon and titanite data, in Characterisation and metallogenic significance of Archaean granitoids of the Yilgarn Craton, Western Australia: MERIWA Report 222."
9796 9126,HIGH,Y,Y,Y,http://hdl.handle.net/10273/XXAB000B8,97-26,SHRIMP Logsheet,"Fletcher, McNaughton 2002, Granitoid geochronology: SHRIMP zircon and titanite data, in Characterisation and metallogenic significance of Archaean granitoids of the Yilgarn Craton, Western Australia: MERIWA Report 222."
9796 9201,HIGH,Y,Y,Y,http://hdl.handle.net/10273/XXAB000DO; http://hdl.handle.net/10273/XXAB000FW,98-12; 98-76,"SHRIMP Logsheet; SHRIMP Logsheet, Notebook Sketch","Fletcher, McNaughton 2002, Granitoid geochronology: SHRIMP zircon and titanite data, in Characterisation and metallogenic significance of Archaean granitoids of the Yilgarn Craton, Western Australia: MERIWA Report 222."
9796 9202,HIGH,Y,Y,Y,http://hdl.handle.net/10273/XXAB000BT,97-40,"SHRIMP Logsheet, Notebook Sketch","Fletcher, McNaughton 2002, Granitoid geochronology: SHRIMP zircon and titanite data, in Characterisation and metallogenic significance of Archaean granitoids of the Yilgarn Craton, Western Australia: MERIWA Report 222."
9796 9209,HIGH,Y,Y,Y,http://hdl.handle.net/10273/XXAB000BZ,97-43,"SHRIMP Logsheet, Notebook Sketch","Fletcher, McNaughton 2002, Granitoid geochronology: SHRIMP zircon and titanite data, in Characterisation and metallogenic significance of Archaean granitoids of the Yilgarn Craton, Western Australia: MERIWA Report 222."
9796 9212,HIGH,Y,Y,Y,http://hdl.handle.net/10273/XXAB000C4; http://hdl.handle.net/10273/XXAB000FP,97-44; 98-72,SHRIMP Logsheet,"Fletcher, McNaughton 2002, Granitoid geochronology: SHRIMP zircon and titanite data, in Characterisation and metallogenic significance of Archaean granitoids of the Yilgarn Craton, Western Australia: MERIWA Report 222."
9796 9223,HIGH,Y,Y,Y,http://hdl.handle.net/10273/XXAB000CK; http://hdl.handle.net/10273/XXAB000FO,98-03; 98-72,SHRIMP Logsheet,"Fletcher, McNaughton 2002, Granitoid geochronology: SHRIMP zircon and titanite data, in Characterisation and metallogenic significance of Archaean granitoids of the Yilgarn Craton, Western Australia: MERIWA Report 222."
9796 9237,HIGH,Y,Y,Y,http://hdl.handle.net/10273/XXAB000C5,97-44,SHRIMP Logsheet,"Fletcher, McNaughton 2002, Granitoid geochronology: SHRIMP zircon and titanite data, in Characterisation and metallogenic significance of Archaean granitoids of the Yilgarn Craton, Western Australia: MERIWA Report 222."
9796 9245,HIGH,Y,Y,Y,http://hdl.handle.net/10273/XXAB000C9,97-49,SHRIMP Logsheet,"Fletcher, McNaughton 2002, Granitoid geochronology: SHRIMP zircon and titanite data, in Characterisation and metallogenic significance of Archaean granitoids of the Yilgarn Craton, Western Australia: MERIWA Report 222."
9796 9248,HIGH,Y,Y,Y,http://hdl.handle.net/10273/XXAB000DN; http://hdl.handle.net/10273/XXAB000FQ,98-12; 98-72,SHRIMP Logsheet,"Fletcher, McNaughton 2002, Granitoid geochronology: SHRIMP zircon and titanite data, in Characterisation and metallogenic significance of Archaean granitoids of the Yilgarn Craton, Western Australia: MERIWA Report 222."
9796 9249,HIGH,Y,Y,Y,http://hdl.handle.net/10273/XXAB000C0; http://hdl.handle.net/10273/XXAB000FX,97-43; 98-76,"SHRIMP Logsheet, Notebook Sketch","Fletcher, McNaughton 2002, Granitoid geochronology: SHRIMP zircon and titanite data, in Characterisation and metallogenic significance of Archaean granitoids of the Yilgarn Craton, Western Australia: MERIWA Report 222."
9796 9256B,HIGH,Y,Y,Y,http://hdl.handle.net/10273/XXAB000CR; http://hdl.handle.net/10273/XXAB000G4,98-05; 98-84,"SHRIMP Logsheet, Notebook Sketch","Fletcher, McNaughton 2002, Granitoid geochronology: SHRIMP zircon and titanite data, in Characterisation and metallogenic significance of Archaean granitoids of the Yilgarn Craton, Western Australia: MERIWA Report 222."
98/9 25E,MEDIUM,Y,Y,Y,http://hdl.handle.net/10273/XXAB000G2,98-80,Notebook Sketch,"Hall et al., 2001  - Australian Journal of Earth Sciences -  https://doi.org/10.1046/j.1440-0952.2001.485891.x"
9896 7001A,HIGH,Y,Y,Y,http://hdl.handle.net/10273/XXAB000H2,99-08,"SHRIMP Logsheet, Notebook Sketch","Fletcher, McNaughton 2002, Granitoid geochronology: SHRIMP zircon and titanite data, in Characterisation and metallogenic significance of Archaean granitoids of the Yilgarn Craton, Western Australia: MERIWA Report 222."
9896 7102E,HIGH,Y,Y,Y,http://hdl.handle.net/10273/XXAB000HL,99-14,"SHRIMP Logsheet, Notebook Sketch","Fletcher, McNaughton 2002, Granitoid geochronology: SHRIMP zircon and titanite data, in Characterisation and metallogenic significance of Archaean granitoids of the Yilgarn Craton, Western Australia: MERIWA Report 222."
9996 4016C,HIGH,Y,Y,Y,http://hdl.handle.net/10273/XXAB000J9,99-43,"SHRIMP Logsheet, Notebook Sketch","Fletcher, McNaughton 2002, Granitoid geochronology: SHRIMP zircon and titanite data, in Characterisation and metallogenic significance of Archaean granitoids of the Yilgarn Craton, Western Australia: MERIWA Report 222."
9996 4100,HIGH,Y,Y,Y,http://hdl.handle.net/10273/XXAB000IY; http://hdl.handle.net/10273/XXAB000J8,99-36; 99-43,"SHRIMP Logsheet, Notebook Sketch","Fletcher, McNaughton 2002, Granitoid geochronology: SHRIMP zircon and titanite data, in Characterisation and metallogenic significance of Archaean granitoids of the Yilgarn Craton, Western Australia: MERIWA Report 222."
9996 7049A,HIGH,Y,Y,Y,http://hdl.handle.net/10273/XXAB000IR,99-33,"SHRIMP Logsheet, Notebook Sketch","Fletcher, McNaughton 2002, Granitoid geochronology: SHRIMP zircon and titanite data, in Characterisation and metallogenic significance of Archaean granitoids of the Yilgarn Craton, Western Australia: MERIWA Report 222."
9996 7055,HIGH,Y,Y,Y,http://hdl.handle.net/10273/XXAB000IT,99-34,"SHRIMP Logsheet, Notebook Sketch","Fletcher, McNaughton 2002, Granitoid geochronology: SHRIMP zircon and titanite data, in Characterisation and metallogenic significance of Archaean granitoids of the Yilgarn Craton, Western Australia: MERIWA Report 222."
9996 7082C,HIGH,Y,Y,Y,http://hdl.handle.net/10273/XXAB000I7; http://hdl.handle.net/10273/XXAB000IH,99-24; 99-28,"SHRIMP Logsheet; SHRIMP Logsheet, Notebook Sketch","Fletcher, McNaughton 2002, Granitoid geochronology: SHRIMP zircon and titanite data, in Characterisation and metallogenic significance of Archaean granitoids of the Yilgarn Craton, Western Australia: MERIWA Report 222."
9996 9049,HIGH,Y,Y,Y,http://hdl.handle.net/10273/XXAB000IP,99-33,"SHRIMP Logsheet, Notebook Sketch","Fletcher, McNaughton 2002, Granitoid geochronology: SHRIMP zircon and titanite data, in Characterisation and metallogenic significance of Archaean granitoids of the Yilgarn Craton, Western Australia: MERIWA Report 222."
9996 9066,HIGH,Y,Y,Y,http://hdl.handle.net/10273/XXAB000IU,99-34,"SHRIMP Logsheet, Notebook Sketch","Fletcher, McNaughton 2002, Granitoid geochronology: SHRIMP zircon and titanite data, in Characterisation and metallogenic significance of Archaean granitoids of the Yilgarn Craton, Western Australia: MERIWA Report 222."
9996 9093B,HIGH,Y,Y,Y,http://hdl.handle.net/10273/XXAB000I6; http://hdl.handle.net/10273/XXAB000IG,99-24; 99-28,"SHRIMP Logsheet; SHRIMP Logsheet, Notebook Sketch","Fletcher, McNaughton 2002, Granitoid geochronology: SHRIMP zircon and titanite data, in Characterisation and metallogenic significance of Archaean granitoids of the Yilgarn Craton, Western Australia: MERIWA Report 222."
9996 9096,HIGH,Y,Y,Y,http://hdl.handle.net/10273/XXAB000IV,99-34,"SHRIMP Logsheet, Notebook Sketch","Fletcher, McNaughton 2002, Granitoid geochronology: SHRIMP zircon and titanite data, in Characterisation and metallogenic significance of Archaean granitoids of the Yilgarn Craton, Western Australia: MERIWA Report 222."
9996 9142,HIGH,Y,Y,Y,http://hdl.handle.net/10273/XXAB000M9,A-14,"SHRIMP Logsheet, Notebook Sketch","Fletcher, McNaughton 2002, Granitoid geochronology: SHRIMP zircon and titanite data, in Characterisation and metallogenic significance of Archaean granitoids of the Yilgarn Craton, Western Australia: MERIWA Report 222."
9996 9164A,HIGH,Y,Y,Y,http://hdl.handle.net/10273/XXAB000M8,A-14,"SHRIMP Logsheet, Notebook Sketch","Fletcher, McNaughton 2002, Granitoid geochronology: SHRIMP zircon and titanite data, in Characterisation and metallogenic significance of Archaean granitoids of the Yilgarn Craton, Western Australia: MERIWA Report 222."
9996-4003,HIGH,Y,Y,Y,http://hdl.handle.net/10273/XXAB000KO; http://hdl.handle.net/10273/XXAB001Z5,99-71; 99-73,"SHRIMP Logsheet, Notebook Sketch","Fletcher, McNaughton 2002, Granitoid geochronology: SHRIMP zircon and titanite data, in Characterisation and metallogenic significance of Archaean granitoids of the Yilgarn Craton, Western Australia: MERIWA Report 222."
A1 PGM,HIGH,Y,Y,Y,http://hdl.handle.net/10273/XXAB001MS,08-15,"SHRIMP Logsheet, Notebook Sketch",
A12F,HIGH,Y,Y,Y,http://hdl.handle.net/10273/XXAB001MU,08-18,"SHRIMP Logsheet, Notebook Sketch",
A195-1,LOW,N,Y,Y,http://hdl.handle.net/10273/XXAB00033,95-13,,"Bickle et al., 1983 - Contributions to Mineralogy  and Petrology - https://doi.org/10.1007/BF01132327"
A1PGM,HIGH,Y,Y,Y,http://hdl.handle.net/10273/XXAB001MQ,08-14,"SHRIMP Logsheet, Notebook Sketch",
A224-1,LOW,N,Y,Y,http://hdl.handle.net/10273/XXAB00034,95-13,,"Bickle et al., 1983 - Contributions to Mineralogy  and Petrology - https://doi.org/10.1007/BF01132327"
AFA 901,HIGH,Y,Y,Y,http://hdl.handle.net/10273/XXAB000KX,99-81,"SHRIMP Logsheet, Notebook Sketch","Pickard 2003, Genetic stratigraphic analysis and composition of the Dales Gorge Member, Brockman Iron Formation in Western Australia…: UWA PhD Thesis"
AGC 834,HIGH,Y,Y,Y,http://hdl.handle.net/10273/XXAB000KU,99-81,"SHRIMP Logsheet, Notebook Sketch","Pickard, 2002 - Australian Journal of Earth Sciences - DOI: 10.1046/j.1440-0952.2002.00933.x"
AGC 845,HIGH,Y,Y,Y,http://hdl.handle.net/10273/XXAB000KW,99-81,"SHRIMP Logsheet, Notebook Sketch","Pickard, 2002 - Australian Journal of Earth Sciences - DOI: 10.1046/j.1440-0952.2002.00933.x"
AGC 847,HIGH,Y,Y,Y,http://hdl.handle.net/10273/XXAB000L9,99-85,SHRIMP Logsheet,"Pickard, 2002 - Australian Journal of Earth Sciences - DOI: 10.1046/j.1440-0952.2002.00933.x"
AGC 849,HIGH,Y,Y,Y,http://hdl.handle.net/10273/XXAB000L8,99-85,SHRIMP Logsheet,"Pickard, 2002 - Australian Journal of Earth Sciences - DOI: 10.1046/j.1440-0952.2002.00933.x"
AGC848,HIGH,Y,Y,Y,http://hdl.handle.net/10273/XXAB000L0,99-82,"SHRIMP Logsheet, Notebook Sketch","Pickard, 2002 - Australian Journal of Earth Sciences - DOI: 10.1046/j.1440-0952.2002.00933.x"
AMY,LOW,N,N,Y,http://hdl.handle.net/10273/XXAB000PG,01-41,,"Evans et al., 2003 - Australian Journal of Earth Sciences - https://doi.org/10.1111/j.1400-0952.2003.01031.x"
ANORT,LOW,N,Y,Y,http://hdl.handle.net/10273/XXAB001RM; http://hdl.handle.net/10273/XXAB001RN; http://hdl.handle.net/10273/XXAB002DR,04-140; 17-08,,In prep 2019; in prep
ANORT.,HIGH,Y,N,Y,http://hdl.handle.net/10273/XXAB001WY,96-46,SHRIMP Logsheet,
B 137,LOW,N,Y,Y,http://hdl.handle.net/10273/XXAB001TX,18-15,,"V Barrote, 2019 Curtin PhD Thesis"
B38A-1,LOW,N,Y,Y,http://hdl.handle.net/10273/XXAB001US,19-09,,"V Barrote, 2019 Curtin PhD Thesis"
B38A-2,LOW,N,Y,Y,http://hdl.handle.net/10273/XXAB001UT,19-09,,"V Barrote, 2019 Curtin PhD Thesis"
B38A-3,LOW,N,Y,Y,http://hdl.handle.net/10273/XXAB001UU,19-09,,"V Barrote, 2019 Curtin PhD Thesis"
B38A-4,LOW,N,Y,Y,http://hdl.handle.net/10273/XXAB001UV,19-09,,"V Barrote, 2019 Curtin PhD Thesis"
B38A-5,LOW,N,Y,Y,http://hdl.handle.net/10273/XXAB001UW,19-09,,"V Barrote, 2019 Curtin PhD Thesis"
B38B-6,LOW,N,Y,Y,http://hdl.handle.net/10273/XXAB001UX,19-09,,"V Barrote, 2019 Curtin PhD Thesis"
B38B-7,LOW,N,Y,Y,http://hdl.handle.net/10273/XXAB001UY,19-09,,"V Barrote, 2019 Curtin PhD Thesis"
B38B-8,LOW,N,Y,Y,http://hdl.handle.net/10273/XXAB001UZ,19-09,,"V Barrote, 2019 Curtin PhD Thesis"
B38C-10,LOW,N,Y,Y,http://hdl.handle.net/10273/XXAB001V2,19-10,,"V Barrote, 2019 Curtin PhD Thesis"
B38C-11,LOW,N,Y,Y,http://hdl.handle.net/10273/XXAB001V3,19-10,,"V Barrote, 2019 Curtin PhD Thesis"
B38C-12,LOW,N,Y,Y,http://hdl.handle.net/10273/XXAB001V4,19-10,,"V Barrote, 2019 Curtin PhD Thesis"
B38C-13,LOW,N,Y,Y,http://hdl.handle.net/10273/XXAB001V5,19-10,,"V Barrote, 2019 Curtin PhD Thesis"
B38C-9,LOW,N,Y,Y,http://hdl.handle.net/10273/XXAB001V1,19-10,,"V Barrote, 2019 Curtin PhD Thesis"
B38D-14,LOW,N,Y,Y,http://hdl.handle.net/10273/XXAB001V6,19-10,,"V Barrote, 2019 Curtin PhD Thesis"
B38D-15,LOW,N,Y,Y,http://hdl.handle.net/10273/XXAB001V7,19-10,,"V Barrote, 2019 Curtin PhD Thesis"
B38D-16,LOW,N,Y,Y,http://hdl.handle.net/10273/XXAB001V8,19-10,,"V Barrote, 2019 Curtin PhD Thesis"
B38D-17,LOW,N,Y,Y,http://hdl.handle.net/10273/XXAB001V9,19-10,,"V Barrote, 2019 Curtin PhD Thesis"
B38D-18,LOW,N,Y,Y,http://hdl.handle.net/10273/XXAB001VA,19-10,,"V Barrote, 2019 Curtin PhD Thesis"
B41A-21,LOW,N,Y,Y,http://hdl.handle.net/10273/XXAB001UD,19-07,,"V Barrote, 2019 Curtin PhD Thesis"
B41A-22,LOW,N,Y,Y,http://hdl.handle.net/10273/XXAB001U2,19-07,,"V Barrote, 2019 Curtin PhD Thesis"
B41A-23,LOW,N,Y,Y,http://hdl.handle.net/10273/XXAB001U3,19-07,,"V Barrote, 2019 Curtin PhD Thesis"
B41A-24,LOW,N,Y,Y,http://hdl.handle.net/10273/XXAB001U4,19-07,,"V Barrote, 2019 Curtin PhD Thesis"
B41A-25,LOW,N,Y,Y,http://hdl.handle.net/10273/XXAB001U5,19-07,,"V Barrote, 2019 Curtin PhD Thesis"
B41B-26,LOW,N,Y,Y,http://hdl.handle.net/10273/XXAB001U6,19-07,,"V Barrote, 2019 Curtin PhD Thesis"
B41B-27,LOW,N,Y,Y,http://hdl.handle.net/10273/XXAB001U7,19-07,,"V Barrote, 2019 Curtin PhD Thesis"
B41B-28,LOW,N,Y,Y,http://hdl.handle.net/10273/XXAB001U8,19-07,,"V Barrote, 2019 Curtin PhD Thesis"
B41B-29,LOW,N,Y,Y,http://hdl.handle.net/10273/XXAB001U9,19-07,,"V Barrote, 2019 Curtin PhD Thesis"
B41B-30,LOW,N,Y,Y,http://hdl.handle.net/10273/XXAB001UC,19-07,,"V Barrote, 2019 Curtin PhD Thesis"
B41B-31,LOW,N,Y,Y,http://hdl.handle.net/10273/XXAB001UA,19-07,,"V Barrote, 2019 Curtin PhD Thesis"
B41B-32,LOW,N,Y,Y,http://hdl.handle.net/10273/XXAB001UB,19-07,,"V Barrote, 2019 Curtin PhD Thesis"
B41B-33,LOW,N,Y,Y,http://hdl.handle.net/10273/XXAB001UF,19-08,,"V Barrote, 2019 Curtin PhD Thesis"
B41C-34,LOW,N,Y,Y,http://hdl.handle.net/10273/XXAB001UG,19-08,,"V Barrote, 2019 Curtin PhD Thesis"
B41C-35,LOW,N,Y,Y,http://hdl.handle.net/10273/XXAB001UH,19-08,,"V Barrote, 2019 Curtin PhD Thesis"
B41C-36,LOW,N,Y,Y,http://hdl.handle.net/10273/XXAB001UI,19-08,,"V Barrote, 2019 Curtin PhD Thesis"
B41C-37,LOW,N,Y,Y,http://hdl.handle.net/10273/XXAB001UJ,19-08,,"V Barrote, 2019 Curtin PhD Thesis"
B41C-38,LOW,N,Y,Y,http://hdl.handle.net/10273/XXAB001UK,19-08,,"V Barrote, 2019 Curtin PhD Thesis"
B41C-39,LOW,N,Y,Y,http://hdl.handle.net/10273/XXAB001UL,19-08,,"V Barrote, 2019 Curtin PhD Thesis"
B41C-40,LOW,N,Y,Y,http://hdl.handle.net/10273/XXAB001UM,19-08,,"V Barrote, 2019 Curtin PhD Thesis"
B41D-41,LOW,N,Y,Y,http://hdl.handle.net/10273/XXAB001UN,19-08,,"V Barrote, 2019 Curtin PhD Thesis"
B41D-42,LOW,N,Y,Y,http://hdl.handle.net/10273/XXAB001UO,19-08,,"V Barrote, 2019 Curtin PhD Thesis"
B41D-43,LOW,N,Y,Y,http://hdl.handle.net/10273/XXAB001UP,19-08,,"V Barrote, 2019 Curtin PhD Thesis"
B41D-44,LOW,N,Y,Y,http://hdl.handle.net/10273/XXAB001UQ,19-08,,"V Barrote, 2019 Curtin PhD Thesis"
BF-1,LOW,N,Y,Y,http://hdl.handle.net/10273/XXAB000AG,97-20,,"Krapez et al., 2000 - Tectonophysics - https://doi.org/10.1016/S0040-1951(00)00059-7"
BM01,LOW,N,Y,Y,http://hdl.handle.net/10273/XXAB0000X,94-16,,"J Knight, 1994 - The geology and genesis of Archaean amphibolite-facies lode-gold deposits in the Coolgardie Goldfield, Western Australia, with special emphasis on the role of granitoids - UWA PhD thesis"
BODD-1,HIGH,Y,N,N,,98-20,"SHRIMP Logsheet, Notebook Sketch",
BODD-2,HIGH,Y,N,N,,98-18,"SHRIMP Logsheet, Notebook Sketch",
BODD-3,HIGH,Y,N,N,,98-20,"SHRIMP Logsheet, Notebook Sketch",
BODD-4,HIGH,Y,N,N,,98-20,"SHRIMP Logsheet, Notebook Sketch",
BODD-5,HIGH,Y,N,N,,98-20,"SHRIMP Logsheet, Notebook Sketch",
BODD-7,LOW,N,N,N,,98-54,,
BODD-8,MEDIUM,Y,Y,N,,98-61,Notebook Sketch,
BOOB,HIGH,Y,Y,Y,http://hdl.handle.net/10273/XXAB0006I,96-21,SHRIMP Logsheet,"Barley and Pickard, 1999 - Precambrian Research - https://doi.org/10.1016/S0301-9268(99)00003-0"
BOOLALOO GR.,LOW,N,Y,Y,http://hdl.handle.net/10273/XXAB000D2,98-09,,"Krapez and McNaughton, 1999 - Australian Journal of Earth Sciences - https://doi.org/10.1046/j.1440-0952.1999.00698.x"
BP-1,LOW,N,Y,Y,http://hdl.handle.net/10273/XXAB000G9; http://hdl.handle.net/10273/XXAB001XR,98-33; 98-85,,"Rasmussen et al., 2002 - Science - 10.1126/science.1070166"
BP-1 II,LOW,N,N,Y,http://hdl.handle.net/10273/XXAB001XV,98-36,,
"BP-1 MAG III, DIODH",LOW,N,N,Y,http://hdl.handle.net/10273/XXAB0021K,A-72,,
"BP-1 NONMAG, DIODH",LOW,N,N,Y,http://hdl.handle.net/10273/XXAB0021I,A-71,,
BR-2,LOW,N,Y,Y,http://hdl.handle.net/10273/XXAB000SQ,B-45,,"Rasmussen et al., 2004 - Precambrian Research - doi:10.1016/j.precamres.2004.05.008"
BR-3,LOW,N,Y,Y,http://hdl.handle.net/10273/XXAB000SO,B-44,,"Rasmussen et al., 2004 - Precambrian Research - doi:10.1016/j.precamres.2004.05.008"
BR02-7,LOW,N,Y,Y,http://hdl.handle.net/10273/XXAB000VW,C-109,,"Rasmussen and Fletcher, 2004 - GEOLOGY - doi: 10.1130/G20658.1"
BR03-20,LOW,N,N,Y,http://hdl.handle.net/10273/XXAB00292,03-34,,"Rasmussen and Fletcher, 2004 - GEOLOGY - doi: 10.1130/G20658.1"
BR03-3,LOW,N,N,Y,http://hdl.handle.net/10273/XXAB0027S,03-09,,"Rasmussen and Fletcher, 2004 - GEOLOGY - doi: 10.1130/G20658.1"
BR03-31,LOW,N,N,N,,03-100,,"Rasmussen and Fletcher, 2004 - GEOLOGY - doi: 10.1130/G20658.1"
BR05-15,LOW,N,N,Y,http://hdl.handle.net/10273/XXAB001IB; http://hdl.handle.net/10273/XXAB001IC; http://hdl.handle.net/10273/XXAB001ID; http://hdl.handle.net/10273/XXAB001IE; http://hdl.handle.net/10273/XXAB001IF,05-39,,"Doyle et al., 2015 - Economic Geology - https://doi.org/10.2113/econgeo.110.2.355"
BR05-27,LOW,N,N,Y,http://hdl.handle.net/10273/XXAB001J9,05-69,,"Rasmussen et al., 2009 - Contributions to Mineralogy and Petrology - https://doi.org/10.1007/s00410-008-0352-7"
BWRCD 2145,MEDIUM,Y,Y,Y,http://hdl.handle.net/10273/XXAB000UZ,B-92,SHRIMP Log information,"Vielreicher et al., 2006 - AMIRA Project P680: Chronology of deformation, metamorphism and gold mineralisation in the Eastern Goldfields Province, Western Australia: An improved framework of exploration"
BWRCD 2726B,MEDIUM,Y,Y,N,,B-92,SHRIMP Log information,
BWRCD 618 378.7,HIGH,Y,Y,Y,http://hdl.handle.net/10273/XXAB000V7,C-100,SHRIMP Logsheet,"Vielreicher et al., 2006 - AMIRA Project P680: Chronology of deformation, metamorphism and gold mineralisation in the Eastern Goldfields Province, Western Australia: An improved framework of exploration"
CALOOLI,LOW,N,Y,Y,http://hdl.handle.net/10273/XXAB0000Y,94-16,,"Knight 1994, Geology and genesis of Archaean amphibolite-facies lode-gold deposits in the Coolgardie Goldfield, Western Australia, with special emphasis on the role of granitoids: UWA PhD; Knight et al. 2000, Econ Geol: doi.org/10.2113/gsecongeo.95.1.49"
CARB,HIGH,Y,Y,Y,http://hdl.handle.net/10273/XXAB0006B,96-19,SHRIMP Logsheet,"Barley and Pickard, 1999 - Precambrian Research - https://doi.org/10.1016/S0301-9268(99)00003-0"
CD319 716 SMB,LOW,N,N,Y,http://hdl.handle.net/10273/XXAB001YM,99-47,,"T - Brown, 2002 - Structural and temporal evolution of a complex ore system: Cleo gold deposit, Eastern Goldfields Province, Western Australia -  UWA PhD Thesis,  P - Brown et al., 2002 - Economic Geology - https://doi.org/10.2113/gsecongeo.97.3.541"
CHD-319,HIGH,Y,Y,Y,http://hdl.handle.net/10273/XXAB0008S; http://hdl.handle.net/10273/XXAB0009S; http://hdl.handle.net/10273/XXAB0009T,96-73; 97-07,SHRIMP Logsheet,"Mueller and McNaughton, 2000 - Economic Geology - https://doi.org/10.2113/gsecongeo.95.6.1231; Mueller and McNaughton, 2000 - Economic Geology - https://doi.org/10.2113/gsecongeo.95.6.1232"
CHD383,HIGH,Y,Y,Y,http://hdl.handle.net/10273/XXAB0008Z,96-75,SHRIMP Logsheet,"Mueller and McNaughton, 2000 - Economic Geology - https://doi.org/10.2113/gsecongeo.95.6.1232"
CSB1,HIGH,Y,N,Y,http://hdl.handle.net/10273/XXAB001WK,96-18,SHRIMP Logsheet,"Martin et al., 1998 - Economic Geology - https://doi.org/10.2113/gsecongeo.93.7.1084"
CU HILLS,HIGH,Y,Y,Y,http://hdl.handle.net/10273/XXAB0006H,96-21,SHRIMP Logsheet,"Barley and Pickard, 1999 - Precambrian Research - https://doi.org/10.1016/S0301-9268(99)00003-0"
D2158538,LOW,N,Y,Y,http://hdl.handle.net/10273/XXAB0004G,95-35,,"A Dugdale, 2000 - Evolution of a hydrothermal vein system: Bronzewing Gold Deposit, Yandal Greenstone Belt, WA - UWA PhD Thesis"
DI-1,LOW,N,Y,Y,http://hdl.handle.net/10273/XXAB001RA,17-02,,"J Porter, 2019 Curtin PhD Thesis"
DL1,LOW,N,Y,Y,http://hdl.handle.net/10273/XXAB001QH,16-43,,"J Porter, 2019 Curtin PhD Thesis"
DL2,LOW,N,Y,Y,http://hdl.handle.net/10273/XXAB001QJ,16-44,,"J Porter, 2019 Curtin PhD Thesis"
DL3,LOW,N,Y,Y,http://hdl.handle.net/10273/XXAB001QL,16-45,,"J Porter, 2019 Curtin PhD Thesis"
DL4,LOW,N,Y,Y,http://hdl.handle.net/10273/XXAB001QN,16-46,,"J Porter, 2019 Curtin PhD Thesis"
DUF SPIN,HIGH,Y,Y,Y,http://hdl.handle.net/10273/XXAB00006,94-07,"SHRIMP Logsheet, Notebook Sketch","Barley et al., 1998 - Precambrian Research - https://doi.org/10.1016/S0301-9268(97)00061-2"
DYKE 2 240/4,HIGH,Y,Y,Y,http://hdl.handle.net/10273/XXAB000FL,98-71,"SHRIMP Logsheet, Notebook Sketch","Bucci et al., 2004 - Economic Geology - 0361-0128/01/3450/1123-22"
E178,HIGH,Y,Y,Y,http://hdl.handle.net/10273/XXAB0009Z,97-11,SHRIMP Logsheet,"Krapez et al., 2000 - Tectonophysics - https://doi.org/10.1016/S0040-1951(00)00059-7; Krapez and Pickard, 2010 - Precambrian Research - https://doi.org/10.1016/j.precamres.2010.01.014"
E179,LOW,N,Y,Y,http://hdl.handle.net/10273/XXAB000AA,97-17,,"Krapez et al., 2000 - Tectonophysics - https://doi.org/10.1016/S0040-1951(00)00059-7"
E203,HIGH,Y,Y,Y,http://hdl.handle.net/10273/XXAB000D7,98-100,SHRIMP Logsheet,"Kositcin et al., 2008 - Precambrian Research - https://doi.org/10.1016/j.precamres.2007.06.018"
E214,HIGH,Y,Y,Y,http://hdl.handle.net/10273/XXAB000HA,99-11,"SHRIMP Logsheet, Notebook Sketch","Kositcin et al., 2008 - Precambrian Research - https://doi.org/10.1016/j.precamres.2007.06.018"
E225,HIGH,Y,Y,Y,http://hdl.handle.net/10273/XXAB000K1,99-58,"SHRIMP Logsheet, Notebook Sketch","Kositcin et al., 2008 - Precambrian Research - https://doi.org/10.1016/j.precamres.2007.06.018"
E227,HIGH,Y,Y,Y,http://hdl.handle.net/10273/XXAB000K3,99-58,"SHRIMP Logsheet, Notebook Sketch","Kositcin et al., 2008 - Precambrian Research - https://doi.org/10.1016/j.precamres.2007.06.018"
E229,HIGH,Y,Y,Y,http://hdl.handle.net/10273/XXAB000H9,99-11,"SHRIMP Logsheet, Notebook Sketch","Kositcin et al., 2008 - Precambrian Research - https://doi.org/10.1016/j.precamres.2007.06.018"
E233,HIGH,Y,Y,Y,http://hdl.handle.net/10273/XXAB000H8,99-11,"SHRIMP Logsheet, Notebook Sketch","Krapez and Pickard, 2010 - Precambrian Research - https://doi.org/10.1016/j.precamres.2010.01.014;  Barley et al., 2002 - AMIRA Project P437A, Final Report"
E265,HIGH,Y,Y,Y,http://hdl.handle.net/10273/XXAB000JU,99-53,SHRIMP Logsheet,"Kositcin et al., 2008 - Precambrian Research - https://doi.org/10.1016/j.precamres.2007.06.018"
E313,HIGH,Y,Y,Y,http://hdl.handle.net/10273/XXAB000KI,99-68,SHRIMP Logsheet,"Kositcin et al., 2008 - Precambrian Research - https://doi.org/10.1016/j.precamres.2007.06.018; Krapez and Pickard, 2010 - Precambrian Research - https://doi.org/10.1016/j.precamres.2010.01.014"
E314,HIGH,Y,Y,Y,http://hdl.handle.net/10273/XXAB000K0,99-58,"SHRIMP Logsheet, Notebook Sketch","Kositcin et al., 2008 - Precambrian Research - https://doi.org/10.1016/j.precamres.2007.06.018"
E319,HIGH,Y,Y,Y,http://hdl.handle.net/10273/XXAB000KG,99-68,SHRIMP Logsheet,"Kositcin et al., 2008 - Precambrian Research - https://doi.org/10.1016/j.precamres.2007.06.018"
E320,HIGH,Y,Y,Y,http://hdl.handle.net/10273/XXAB000KS,99-72,"SHRIMP Logsheet, Notebook Sketch","Kositcin et al., 2008 - Precambrian Research - https://doi.org/10.1016/j.precamres.2007.06.018"
E321,HIGH,Y,Y,Y,http://hdl.handle.net/10273/XXAB000KQ,99-72,"SHRIMP Logsheet, Notebook Sketch","Kositcin et al., 2008 - Precambrian Research - https://doi.org/10.1016/j.precamres.2007.06.018"
E322,HIGH,Y,Y,Y,http://hdl.handle.net/10273/XXAB000KH,99-68,SHRIMP Logsheet,"Kositcin et al., 2008 - Precambrian Research - https://doi.org/10.1016/j.precamres.2007.06.018"
E324,HIGH,Y,Y,Y,http://hdl.handle.net/10273/XXAB000NY,A-47,"SHRIMP Logsheet, Notebook Sketch","Kositcin et al., 2008 - Precambrian Research - https://doi.org/10.1016/j.precamres.2007.06.018"
E325,MEDIUM,Y,Y,Y,http://hdl.handle.net/10273/XXAB000NW,A-47,Notebook Sketch,"Barley et al., 2002 - AMIRA Project P437A: Tectonostratigraphic analysis of the Eastern Yilgarn Craton- an improved geological framework for exploration in Archaean Terranes, Final Report"
E337,HIGH,Y,Y,Y,http://hdl.handle.net/10273/XXAB000OH,A-60,SHRIMP Logsheet,"Kositcin et al., 2008 - Precambrian Research - https://doi.org/10.1016/j.precamres.2007.06.018"
E349,HIGH,Y,Y,Y,http://hdl.handle.net/10273/XXAB000OG,A-60,SHRIMP Logsheet,"Kositcin et al., 2008 - Precambrian Research - https://doi.org/10.1016/j.precamres.2007.06.018"
E350,LOW,N,Y,Y,http://hdl.handle.net/10273/XXAB000OJ,A-66,,"Kositcin et al., 2008 - Precambrian Research - https://doi.org/10.1016/j.precamres.2007.06.018"
E353,HIGH,Y,Y,Y,http://hdl.handle.net/10273/XXAB000ON,A-80,SHRIMP Logsheet,"Kositcin et al., 2008 - Precambrian Research - https://doi.org/10.1016/j.precamres.2007.06.018"
E356,HIGH,Y,Y,Y,http://hdl.handle.net/10273/XXAB000OP,A-80,SHRIMP Logsheet,"Kositcin et al., 2008 - Precambrian Research - https://doi.org/10.1016/j.precamres.2007.06.018"
E357,HIGH,Y,Y,Y,http://hdl.handle.net/10273/XXAB000OQ,A-80,SHRIMP Logsheet,"Kositcin et al., 2008 - Precambrian Research - https://doi.org/10.1016/j.precamres.2007.06.018"
E374,HIGH,Y,Y,Y,http://hdl.handle.net/10273/XXAB000Q9,B-12,"SHRIMP Logsheet, Notebook Sketch","Kositcin et al., 2008 - Precambrian Research - https://doi.org/10.1016/j.precamres.2007.06.018"
E375,HIGH,Y,Y,Y,http://hdl.handle.net/10273/XXAB000QC; http://hdl.handle.net/10273/XXAB000QD,B-13,"SHRIMP Logsheet, Notebook Sketch","Kositcin et al., 2008 - Precambrian Research - https://doi.org/10.1016/j.precamres.2007.06.018"
E385,MEDIUM,Y,Y,Y,http://hdl.handle.net/10273/XXAB000U2,B-80,SHRIMP Log information,"Kositcin et al., 2008 - Precambrian Research - https://doi.org/10.1016/j.precamres.2007.06.018 and Barley et al., 2003 - AMIRA Project P624:An integrated geological and metallogenic framework for the eastern Yilgarn Craton"
E387,MEDIUM,Y,Y,Y,http://hdl.handle.net/10273/XXAB000UV,B-91,SHRIMP Log information,"Kositcin et al., 2008 - Precambrian Research - https://doi.org/10.1016/j.precamres.2007.06.018 and Barley et al., 2003 - AMIRA Project P624:An integrated geological and metallogenic framework for the eastern Yilgarn Craton"
E392,MEDIUM,Y,Y,Y,http://hdl.handle.net/10273/XXAB000UW,B-91,SHRIMP Log information,"Kositcin et al., 2008 - Precambrian Research - https://doi.org/10.1016/j.precamres.2007.06.018 and Barley et al., 2003 - AMIRA Project P624:An integrated geological and metallogenic framework for the eastern Yilgarn Craton"
E396,HIGH,Y,Y,Y,http://hdl.handle.net/10273/XXAB000WW,C-16,SHRIMP Logsheet,"Kositcin et al., 2008 - Precambrian Research - https://doi.org/10.1016/j.precamres.2007.06.018 and Barley et al., 2003 - AMIRA Project P624:An integrated geological and metallogenic framework for the eastern Yilgarn Craton"
E400,HIGH,Y,Y,Y,http://hdl.handle.net/10273/XXAB000YM,C-48,"SHRIMP Logsheet, Notebook Sketch","Krapez and Pickard, 2010 - Precambrian Research - https://doi.org/10.1016/j.precamres.2010.01.014 and Barley et al., 2003 - AMIRA Project P624:An integrated geological and metallogenic framework for the eastern Yilgarn Craton"
E401,HIGH,Y,Y,Y,http://hdl.handle.net/10273/XXAB000Y4,C-33,"SHRIMP Logsheet, Notebook Sketch","Kositcin et al., 2008 - Precambrian Research - https://doi.org/10.1016/j.precamres.2007.06.018; Krapez and Pickard, 2010 - Precambrian Research - https://doi.org/10.1016/j.precamres.2010.01.014"
E410,HIGH,Y,Y,Y,http://hdl.handle.net/10273/XXAB000YV,C-71,SHRIMP Logsheet,"Krapez and Pickard, 2010 - Precambrian Research - https://doi.org/10.1016/j.precamres.2010.01.014"
E412,HIGH,Y,Y,Y,http://hdl.handle.net/10273/XXAB0010U,C-96,"SHRIMP Logsheet, Notebook Sketch","Krapez and Pickard, 2010 - Precambrian Research - https://doi.org/10.1016/j.precamres.2010.01.014"
E416,HIGH,Y,N,Y,http://hdl.handle.net/10273/XXAB00231,C-111,"SHRIMP Logsheet, Notebook Sketch","Krapez and Pickard, 2010 - Precambrian Research - https://doi.org/10.1016/j.precamres.2010.01.014"
E47,HIGH,Y,N,Y,http://hdl.handle.net/10273/XXAB001WG,96-09,SHRIMP Logsheet,"Kositcin et al., 2008 - Precambrian Research - https://doi.org/10.1016/j.precamres.2007.06.018"
E525,HIGH,Y,Y,Y,http://hdl.handle.net/10273/XXAB001BF,04-139,"SHRIMP Logsheet, Notebook Sketch","Krapez and Pickard, 2010 - Precambrian Research - https://doi.org/10.1016/j.precamres.2010.01.014"
E7,HIGH,Y,Y,Y,http://hdl.handle.net/10273/XXAB0005Q,96-08,SHRIMP Logsheet,"Krapez et al., 2000 - Tectonophysics - https://doi.org/10.1016/S0040-1951(00)00059-7"
E74/E75,LOW,N,Y,Y,http://hdl.handle.net/10273/XXAB00078,96-37,,"Krapez et al., 2000 - Tectonophysics - https://doi.org/10.1016/S0040-1951(00)00059-7"
EMD-10,HIGH,Y,Y,Y,http://hdl.handle.net/10273/XXAB000AW,97-23,SHRIMP Logsheet,"Krapez et al., 2000 - Tectonophysics - https://doi.org/10.1016/S0040-1951(00)00059-7"
EMD-2,HIGH,Y,Y,Y,http://hdl.handle.net/10273/XXAB0008Q,96-73,SHRIMP Logsheet,"Krapez et al., 2000 - Tectonophysics - https://doi.org/10.1016/S0040-1951(00)00059-7"
EMD-2 LEACHED,HIGH,Y,Y,Y,http://hdl.handle.net/10273/XXAB0008R,96-73,SHRIMP Logsheet,
ENGD5: 133.6-137.5,HIGH,Y,Y,Y,http://hdl.handle.net/10273/XXAB000W0,C-11,SHRIMP Logsheet,"Vielreicher et al., 2010 - Economic Geology - 0361-0128/10/3868/187-41"
EQ65,HIGH,Y,Y,Y,http://hdl.handle.net/10273/XXAB00064,96-13,SHRIMP Logsheet,"Brauhart 1999, Regional alteration systems associated with Archean volcanogenic massive sulfide deposits at Panorama, Pilbara, Western Australia: UWA PhD thesis; Buick et al., 2002 - Precambrian Research - https://doi.org/10.1016/S0301-9268(01)00221-2"
FB-01 COARSER,HIGH,Y,Y,Y,http://hdl.handle.net/10273/XXAB001L6,06-59,"SHRIMP Logsheet, Notebook Sketch",
FB-01 FINER,MEDIUM,Y,Y,Y,http://hdl.handle.net/10273/XXAB001L3,06-58,Notebook Sketch,
FB-03,HIGH,Y,N,Y,http://hdl.handle.net/10273/XXAB001LF,06-64,SHRIMP Logsheet,
FB-04,LOW,N,N,Y,http://hdl.handle.net/10273/XXAB001LG,06-64,,
FB-10 COARSER,HIGH,Y,Y,Y,http://hdl.handle.net/10273/XXAB001L7,06-59,"SHRIMP Logsheet, Notebook Sketch",
FB-10 FINER,MEDIUM,Y,Y,Y,http://hdl.handle.net/10273/XXAB001L4,06-58,Notebook Sketch,
FB-12,HIGH,Y,Y,Y,http://hdl.handle.net/10273/XXAB001LI,06-65,"SHRIMP Logsheet, Notebook Sketch",
FL11 PYRITE,HIGH,Y,Y,Y,http://hdl.handle.net/10273/XXAB0000D,94-10,"SHRIMP Logsheet, Notebook Sketch","M. D. Savage, 1992 - A study on the source and nature of Cu-Au-Ag mineralisation in the Phillips River Goldfield, Ravensthorpe, Western Australia - UWA Honours Thesis"
FL11 ZR NO INCLUSIONS,HIGH,Y,Y,Y,http://hdl.handle.net/10273/XXAB0000F,94-10,"SHRIMP Logsheet, Notebook Sketch","M. D. Savage, 1992 - A study on the source and nature of Cu-Au-Ag mineralisation in the Phillips River Goldfield, Ravensthorpe, Western Australia - UWA Honours Thesis"
FL11 ZR WITH INCLUSIONS,HIGH,Y,Y,Y,http://hdl.handle.net/10273/XXAB0000E,94-10,"SHRIMP Logsheet, Notebook Sketch","M. D. Savage, 1992 - A study on the source and nature of Cu-Au-Ag mineralisation in the Phillips River Goldfield, Ravensthorpe, Western Australia - UWA Honours Thesis"
FORTRESS HILL,LOW,N,Y,Y,http://hdl.handle.net/10273/XXAB0008A,96-59,,"P. Duuring, 1995 - The nature and genesis of gold mineralisation at the Jupiter syenite-hosted gold deposit, near Mt. Morgans, Western Australia - UWA Honours Thesis"
GC588,HIGH,Y,Y,Y,http://hdl.handle.net/10273/XXAB0002U,95-12,"SHRIMP Logsheet, Notebook Sketch","A Ross, 2002 - Genesis of the Kanowna Belle gold deposit, Kalgoorlie, Western Australia - UWA PhD Thesis"
GCPIT627,HIGH,Y,Y,Y,http://hdl.handle.net/10273/XXAB0002W,95-12,"SHRIMP Logsheet, Notebook Sketch","P - Ross et al., 2004 - Precambrian Research - https://doi.org/10.1016/j.precamres.2003.08.013"
GG-1,LOW,N,Y,Y,http://hdl.handle.net/10273/XXAB001R8; http://hdl.handle.net/10273/XXAB001RC,17-02; 17-03,,"J Porter, 2019 Curtin PhD Thesis"
GG-2,LOW,N,Y,Y,http://hdl.handle.net/10273/XXAB001R9; http://hdl.handle.net/10273/XXAB001RE,17-02; 17-04,,"J Porter, 2019 Curtin PhD Thesis"
GMPO,HIGH,Y,Y,Y,http://hdl.handle.net/10273/XXAB000VZ,C-11,SHRIMP Logsheet,"Vielreicher et al., 2010 - Economic Geology - 0361-0128/10/3868/187-41"
GNE,HIGH,Y,Y,Y,http://hdl.handle.net/10273/XXAB00012,94-18,SHRIMP Logsheet,"Yeats et al., 1996 - Economic Geology - https://doi.org/10.2113/gsecongeo.91.8.1354"
GOBBO'S,HIGH,Y,Y,Y,http://hdl.handle.net/10273/XXAB00005; http://hdl.handle.net/10273/XXAB00009,94-07; 94-08,"SHRIMP Logsheet, Notebook Sketch","Barley and Pickard, 1999 - Precambrian Research - https://doi.org/10.1016/S0301-9268(99)00003-0"
GWALIA SLATE,HIGH,Y,Y,Y,http://hdl.handle.net/10273/XXAB001BH,04-141,"SHRIMP Logsheet, Notebook Sketch","M Baggott, 2006 - A refined model for the magmatic, tectonometamorphic and hydrothermal evolution of the Leonora District, Eastern Goldfields Province, Yilgarn Craton, Western Australia - UWA PhD Thesis"
HB08-5,LOW,N,Y,Y,http://hdl.handle.net/10273/XXAB001O6; http://hdl.handle.net/10273/XXAB001P5,11-21; 12-21,SHRIMP Logsheet,"Mueller et al., 2016 - Miner Deposita - DOI 10.1007/s00126-016-0665-9"
HB08-6,LOW,N,Y,N,,11-21; 12-21,SHRIMP Logsheet,
HB08-8A,LOW,N,Y,N,,12-21,,
HB08-8A (NM),LOW,N,Y,N,,11-21,SHRIMP Logsheet,
HM-18,HIGH,Y,N,Y,http://hdl.handle.net/10273/XXAB001Z3,99-73,"SHRIMP Logsheet, Notebook Sketch",
HORSE 01,LOW,N,Y,Y,http://hdl.handle.net/10273/XXAB001HJ,05-20,,"Krapez et al., 2017 - Precambrian Research - http://dx.doi.org/10.1016/j.precamres.2017.03.020"
J2,HIGH,Y,Y,Y,http://hdl.handle.net/10273/XXAB000BD,97-33,SHRIMP Logsheet,"Yeats et al., 2001 - Mineralium Deposita - https://doi.org/10.1007/s001260050293"
J3,HIGH,Y,N,Y,http://hdl.handle.net/10273/XXAB001XC,97-32,SHRIMP Logsheet,"Yeats et al., 2001 - Mineralium Deposita - https://doi.org/10.1007/s001260050293"
JBS17,HIGH,Y,Y,Y,http://hdl.handle.net/10273/XXAB00021; http://hdl.handle.net/10273/XXAB001W0,95-02; 95-03,Handwritten SHRIMP Logsheet,"P - Smith et al., 1998 - Precambrian Research - https://doi.org/10.1016/S0301-9268(97)00067-3, T- Smith, 1997 - UWA PhD Thesis"
JBS33,LOW,N,Y,Y,http://hdl.handle.net/10273/XXAB0002H,95-08,,"P - Smith et al., 1998 - Precambrian Research - https://doi.org/10.1016/S0301-9268(97)00067-3, T- Smith, 1997 - UWA PhD Thesis"
JBS35,HIGH,Y,Y,Y,http://hdl.handle.net/10273/XXAB00020; http://hdl.handle.net/10273/XXAB001VX,95-01; 95-03,Handwritten SHRIMP Logsheet,"P - Smith et al., 1998 - Precambrian Research - https://doi.org/10.1016/S0301-9268(97)00067-3, T- Smith, 1997 - UWA PhD Thesis; Smith et al., 1998 - Precambrian Research - https://doi.org/10.1016/S0301-9268(97)00067-3"
JBS44,HIGH,Y,N,Y,http://hdl.handle.net/10273/XXAB001VY; http://hdl.handle.net/10273/XXAB001W1,95-01; 95-02,Handwritten SHRIMP Logsheet,"P - Smith et al., 1998 - Precambrian Research - https://doi.org/10.1016/S0301-9268(97)00067-3, T- Smith, 1997 - UWA PhD Thesis; Smith et al., 1998 - Precambrian Research - https://doi.org/10.1016/S0301-9268(97)00067-3"
JG01,LOW,N,Y,Y,http://hdl.handle.net/10273/XXAB001TH,18-06,,"V Barrote, 2019 Curtin PhD Thesis"
JG02,LOW,N,Y,Y,http://hdl.handle.net/10273/XXAB001TI,18-06,,"V Barrote, 2019 Curtin PhD Thesis"
JG03,LOW,N,Y,Y,http://hdl.handle.net/10273/XXAB001TJ,18-06,,"V Barrote, 2019 Curtin PhD Thesis"
JH-54,HIGH,Y,Y,Y,http://hdl.handle.net/10273/XXAB001BP,04-143,"SHRIMP Logsheet, Notebook Sketch","M Baggott, 2006 - A refined model for the magmatic, tectonometamorphic and hydrothermal evolution of the Leonora District, Eastern Goldfields Province, Yilgarn Craton, Western Australia - UWA PhD Thesis"
JHT-1A,HIGH,Y,Y,Y,http://hdl.handle.net/10273/XXAB001NK,09-20,SHRIMP Logsheet,"Wilson et al., 2010 - Precambrian Research - doi:10.1016/j.precamres.2010.02.019"
JHT-1B,HIGH,Y,Y,Y,http://hdl.handle.net/10273/XXAB001NL,09-20,SHRIMP Logsheet,"Wilson et al., 2010 - Precambrian Research - doi:10.1016/j.precamres.2010.02.019"
JRDC 8044,MEDIUM,Y,Y,Y,http://hdl.handle.net/10273/XXAB000SW,B-49,SHRIMP Log information,"Baggott et al., 2005 - Economic Geology - https://doi.org/10.2113/gsecongeo.100.7.1389"
JS20,LOW,N,Y,Y,http://hdl.handle.net/10273/XXAB0002F,95-08,,"P - Smith et al., 1998 - Precambrian Research - https://doi.org/10.1016/S0301-9268(97)00067-3, T- Smith, 1997 - UWA PhD Thesis"
JS25,HIGH,Y,Y,Y,http://hdl.handle.net/10273/XXAB0002D,95-07,Handwritten SHRIMP Logsheet,"Smith et al., 1998 - Precambrian Research - https://doi.org/10.1016/S0301-9268(97)00067-3"
JS44,LOW,N,Y,Y,http://hdl.handle.net/10273/XXAB0002G,95-08,,"P - Smith et al., 1998 - Precambrian Research - https://doi.org/10.1016/S0301-9268(97)00067-3, T- Smith, 1997 - UWA PhD Thesis"
JUNDEE,LOW,N,Y,Y,http://hdl.handle.net/10273/XXAB0009O; http://hdl.handle.net/10273/XXAB0009P,97-04,,"Yeats et al., 1999 - Economic Geology - https://doi.org/10.2113/gsecongeo.94.8.1259"
JUPITER,LOW,N,Y,Y,http://hdl.handle.net/10273/XXAB0008B; http://hdl.handle.net/10273/XXAB000W6,96-59; C-121; C-75,,"P - Salier et al., 2005 - Economic Geology - 0361-0128/05/3548/1363-26, T - Salier, 2003 - UWA PhD Thesis; P. Duuring, 1995 - The nature and genesis of gold mineralisation at the Jupiter syenite-hosted gold deposit, near Mt. Morgans, Western Australia - UWA Honours Thesis"
K1,HIGH,Y,Y,Y,http://hdl.handle.net/10273/XXAB00082,96-53,SHRIMP Logsheet,"Yeats et al., 1999 - Economic Geology - https://doi.org/10.2113/gsecongeo.94.8.1259"
K4,HIGH,Y,Y,Y,http://hdl.handle.net/10273/XXAB00081,96-53,SHRIMP Logsheet,"Yeats et al., 1999 - Economic Geology - https://doi.org/10.2113/gsecongeo.94.8.1259"
KI/80,LOW,N,Y,Y,http://hdl.handle.net/10273/XXAB0000O,94-12,,"P - Vielreicher and McNaughton, 2002 - International Journal of Earth Sciences - DOI 10.1007/s00531-001-0233-z, T - McMillan, 1996 - UWA PhD Thesis"
KI/84,LOW,N,Y,Y,http://hdl.handle.net/10273/XXAB0000N,94-12,,"P - Vielreicher and McNaughton, 2002 - International Journal of Earth Sciences - DOI 10.1007/s00531-001-0233-z, T - McMillan, 1996 - UWA PhD Thesis"
KND 133: 153-156,HIGH,Y,Y,Y,http://hdl.handle.net/10273/XXAB000W1,C-11,SHRIMP Logsheet,"Vielreicher et al., 2010 - Economic Geology - 0361-0128/10/3868/187-41"
KND 174: 164.1-165,HIGH,Y,Y,Y,http://hdl.handle.net/10273/XXAB000VY,C-11,SHRIMP Logsheet,"Vielreicher et al., 2010 - Economic Geology - 0361-0128/10/3868/187-41"
KU-1,LOW,N,Y,Y,http://hdl.handle.net/10273/XXAB000A3,97-12,,"Krapez et al., 2000 - Tectonophysics - https://doi.org/10.1016/S0040-1951(00)00059-7"
KU-2,HIGH,Y,Y,Y,http://hdl.handle.net/10273/XXAB000B4,97-25,SHRIMP Logsheet and Mount Sketch,"Krapez et al., 2000 - Tectonophysics - https://doi.org/10.1016/S0040-1951(00)00059-7"
KU-3,HIGH,Y,Y,Y,http://hdl.handle.net/10273/XXAB000AI,97-20,"SHRIMP Logsheet, List of BSE images","Krapez et al., 2000 - Tectonophysics - https://doi.org/10.1016/S0040-1951(00)00059-7"
KU-5,LOW,N,Y,Y,http://hdl.handle.net/10273/XXAB000RC,B-31,,"M. Godfrey, 2004 - Provenance and tectonic setting of late Archaean metasedimentary rocks in the eastern goldfields of Western Australia"
KWA-1,LOW,N,Y,Y,http://hdl.handle.net/10273/XXAB0009M,97-02,,"Krapez et al., 2000 - Tectonophysics - https://doi.org/10.1016/S0040-1951(00)00059-7"
KWAD11,MEDIUM,Y,N,Y,http://hdl.handle.net/10273/XXAB001VV,94-33,Notebook Sketch,"M. D. Savage, 1992 - A study on the source and nature of Cu-Au-Ag mineralisation in the Phillips River Goldfield, Ravensthorpe, Western Australia - UWA Honours Thesis"
L465958,HIGH,Y,Y,Y,http://hdl.handle.net/10273/XXAB001BO,04-143,"SHRIMP Logsheet, Notebook Sketch","M Baggott, 2006 - A refined model for the magmatic, tectonometamorphic and hydrothermal evolution of the Leonora District, Eastern Goldfields Province, Yilgarn Craton, Western Australia - UWA PhD Thesis"
LEUCOGRANITE,HIGH,Y,Y,Y,http://hdl.handle.net/10273/XXAB0009U,97-07,SHRIMP Logsheet,
M95-028A,HIGH,Y,Y,Y,http://hdl.handle.net/10273/XXAB0008K,96-71,SHRIMP Logsheet,
M95-028B,LOW,N,Y,Y,http://hdl.handle.net/10273/XXAB0008L,96-71,,
M95-556A,HIGH,Y,Y,Y,http://hdl.handle.net/10273/XXAB0008I,96-71,SHRIMP Logsheet,
MANGANESE GROUP,LOW,N,N,Y,http://hdl.handle.net/10273/XXAB002CF; http://hdl.handle.net/10273/XXAB002CH; http://hdl.handle.net/10273/XXAB002CI; http://hdl.handle.net/10273/XXAB002CJ; http://hdl.handle.net/10273/XXAB002CL,04-08; 04-11; 04-12,,"Rasmussen and Fletcher, 2004 - GEOLOGY - doi: 10.1130/G20658.1"
MB,HIGH,Y,Y,Y,http://hdl.handle.net/10273/XXAB000A0,97-11,SHRIMP Logsheet,"Krapez et al., 2000 - Tectonophysics - https://doi.org/10.1016/S0040-1951(00)00059-7"
MD 10,HIGH,Y,Y,N,,09-14,SHRIMP Logsheet,
MD 12,HIGH,Y,Y,N,,09-14,SHRIMP Logsheet,
MD 3,HIGH,Y,Y,N,,09-14,SHRIMP Logsheet,
MD 4,HIGH,Y,Y,N,,09-14,SHRIMP Logsheet,
MD 9,HIGH,Y,Y,N,,09-14,SHRIMP Logsheet,
MD3,HIGH,Y,Y,N,,09-15,SHRIMP Logsheet,
METQTZ1,LOW,N,Y,Y,http://hdl.handle.net/10273/XXAB001GF,05-02,,"Krapez et al., 2017 - Precambrian Research - http://dx.doi.org/10.1016/j.precamres.2017.03.020"
MGS-1,HIGH,Y,Y,Y,http://hdl.handle.net/10273/XXAB0009K,97-02,SHRIMP Logsheet,"Krapez et al., 2000 - Tectonophysics - https://doi.org/10.1016/S0040-1951(00)00059-7"
MOND,HIGH,Y,Y,Y,http://hdl.handle.net/10273/XXAB0006A,96-19,SHRIMP Logsheet,"Barley and Pickard, 1999 - Precambrian Research - https://doi.org/10.1016/S0301-9268(99)00003-0"
MQ,LOW,N,Y,Y,http://hdl.handle.net/10273/XXAB000A2,97-12,,"Krapez et al., 2000 - Tectonophysics - https://doi.org/10.1016/S0040-1951(00)00059-7"
MTM 1A,HIGH,Y,Y,N,,C-37,SHRIMP Logsheet,
MTM 1B,HIGH,Y,Y,N,,C-37,SHRIMP Logsheet,
MTM 7,HIGH,Y,Y,N,,C-37,SHRIMP Logsheet,
MTM 8B,HIGH,Y,Y,N,,C-37,SHRIMP Logsheet,
MTM 9,HIGH,Y,Y,N,,C-37,SHRIMP Logsheet,
MW-2,HIGH,Y,Y,Y,http://hdl.handle.net/10273/XXAB001Z1,99-70,"SHRIMP Logsheet, Notebook Sketch",box notes
N3162,HIGH,Y,Y,Y,http://hdl.handle.net/10273/XXAB0007K,96-44,SHRIMP Logsheet,"J Smith, 1997 - Integrated tectonic analysis of the Archaean West-Pilbara Block, Western Australia: evidence for accretion - UWA Phd Thesis"
N4259,HIGH,Y,Y,Y,http://hdl.handle.net/10273/XXAB0007E,96-39,SHRIMP Logsheet,"J Smith, 1997 - Integrated tectonic analysis of the Archaean West-Pilbara Block, Western Australia: evidence for accretion - UWA Phd Thesis"
N4436,HIGH,Y,Y,Y,http://hdl.handle.net/10273/XXAB00071,96-31,SHRIMP Logsheet,"J Smith, 1997 - Integrated tectonic analysis of the Archaean West-Pilbara Block, Western Australia: evidence for accretion - UWA Phd Thesis"
N4450,HIGH,Y,Y,Y,http://hdl.handle.net/10273/XXAB0008G,96-68,SHRIMP Logsheet,"J Smith, 1997 - Integrated tectonic analysis of the Archaean West-Pilbara Block, Western Australia: evidence for accretion - UWA Phd Thesis"
NG-1,MEDIUM,Y,Y,Y,http://hdl.handle.net/10273/XXAB000B3,97-25,Mount Sketch,"Krapez et al., 2000 - Tectonophysics - https://doi.org/10.1016/S0040-1951(00)00059-7"
NIM-1,HIGH,Y,Y,Y,http://hdl.handle.net/10273/XXAB000B0,97-24,SHRIMP Logsheet,"Hollis et al., 2017 -Precambrian Research - https://doi.org/10.1016/j.precamres.2017.01.002"
ORC-6-21,HIGH,Y,Y,Y,http://hdl.handle.net/10273/XXAB000J5; http://hdl.handle.net/10273/XXAB000JR,99-42; 99-50,Notebook Sketch; SHRIMP Logsheet,"R. Edgecombe, 1999 - The Late Proterozoic O'Callaghans Granite and associated tungsten skarn (Telfer District, Western Australia) - UWA Honours thesis"
P1,LOW,N,Y,Y,http://hdl.handle.net/10273/XXAB0009Q,97-04,,"Yeats et al., 1999 - Economic Geology - https://doi.org/10.2113/gsecongeo.94.8.1259"
P2,HIGH,Y,Y,Y,http://hdl.handle.net/10273/XXAB0008N; http://hdl.handle.net/10273/XXAB0008U,96-72; 96-73,SHRIMP Logsheet,"Yeats et al., 1999 - Economic Geology - https://doi.org/10.2113/gsecongeo.94.8.1259"
P3,HIGH,Y,Y,Y,http://hdl.handle.net/10273/XXAB0008W,96-74,SHRIMP Logsheet,"Yeats et al., 1999 - Economic Geology - https://doi.org/10.2113/gsecongeo.94.8.1259"
PAR-12 HANDPICKED#,HIGH,Y,Y,Y,http://hdl.handle.net/10273/XXAB000YQ,C-69,SHRIMP Logsheet,"McNaughton et al., 2005 - Economic Geology - 0361-0128/05/3551/1427-14"
PAR-12 WT,HIGH,Y,N,Y,http://hdl.handle.net/10273/XXAB001XJ,98-18,"SHRIMP Logsheet, Notebook Sketch","McNaughton et al., 2005 - Economic Geology - 0361-0128/05/3551/1427-14"
PD-2,LOW,N,Y,Y,http://hdl.handle.net/10273/XXAB000RB,B-31,,"M. Godfrey, 2004 - Provenance and tectonic setting of late Archaean metasedimentary rocks in the eastern goldfields of Western Australia"
PIT 633 W. WALL,HIGH,Y,Y,Y,http://hdl.handle.net/10273/XXAB0004C,95-33,SHRIMP Logsheet,"P - Ross et al., 2004 - Precambrian Research - https://doi.org/10.1016/j.precamres.2003.08.013"
QFP1,HIGH,Y,Y,Y,http://hdl.handle.net/10273/XXAB00065,96-13,SHRIMP Logsheet,"Brauhart 1999, Regional alteration systems associated with Archean volcanogenic massive sulfide deposits at Panorama, Pilbara, Western Australia: UWA PhD thesis; Buick et al., 2002 - Precambrian Research - https://doi.org/10.1016/S0301-9268(01)00221-2"
R1,HIGH,Y,Y,Y,http://hdl.handle.net/10273/XXAB0009B,96-80,SHRIMP Logsheet,"Yeats et al., 1999 - Economic Geology - https://doi.org/10.2113/gsecongeo.94.8.1259"
R2,HIGH,Y,Y,Y,http://hdl.handle.net/10273/XXAB0008O; http://hdl.handle.net/10273/XXAB0008T,96-72; 96-73,SHRIMP Logsheet,"Yeats et al., 1999 - Economic Geology - https://doi.org/10.2113/gsecongeo.94.8.1259"
RADIO HILL,HIGH,Y,Y,N,,96-80,SHRIMP Logsheet,
RM1,MEDIUM,Y,Y,Y,http://hdl.handle.net/10273/XXAB0000I,94-11,Notebook Sketch,"P - Buick et al., 2002 - Precambrian Research - https://doi.org/10.1016/S0301-9268(01)00221-2, T - Smith, 1997 - UWA PhD Thesis"
RR018,MEDIUM,Y,N,Y,http://hdl.handle.net/10273/XXAB0001Y,94-32,Notebook Sketch,
S437,HIGH,Y,N,Y,http://hdl.handle.net/10273/XXAB001XI,98-18,"SHRIMP Logsheet, Notebook Sketch",
SB390,LOW,N,Y,Y,http://hdl.handle.net/10273/XXAB00035,95-13,,"Bickle et al., 1993 - Precambrian Research - https://doi.org/10.1016/0301-9268(93)90047-6"
SD-6,HIGH,Y,Y,Y,http://hdl.handle.net/10273/XXAB001XA,97-31,SHRIMP Logsheet,"T - Brown, 2002 - UWA PhD Thesis, P - Brown et al., 2002 - Economic Geology - https://doi.org/10.2113/gsecongeo.97.3.541"
SDA,HIGH,Y,Y,Y,http://hdl.handle.net/10273/XXAB001LK; http://hdl.handle.net/10273/XXAB002DS,04-140; 06-66,"SHRIMP Logsheet, Notebook Sketch",In prep 2019
SDD 303,HIGH,Y,Y,Y,http://hdl.handle.net/10273/XXAB001YQ,99-55,SHRIMP Logsheet,"T - Brown, 2002 - UWA PhD Thesis, P - Brown et al., 2002 - Economic Geology - https://doi.org/10.2113/gsecongeo.97.3.541"
SHD 13 104-106.5,HIGH,Y,Y,Y,http://hdl.handle.net/10273/XXAB000YH,C-43,SHRIMP Logsheet,"Vielreicher et al., 2006 - AMIRA Project P680: Chronology of deformation, metamorphism and gold mineralisation in the Eastern Goldfields Province, Western Australia: An improved framework of exploration"
SHD 13 115.8,HIGH,Y,Y,Y,http://hdl.handle.net/10273/XXAB000YK,C-43,SHRIMP Logsheet,"Vielreicher et al., 2006 - AMIRA Project P680: Chronology of deformation, metamorphism and gold mineralisation in the Eastern Goldfields Province, Western Australia: An improved framework of exploration"
SHD 13 309.5-312,HIGH,Y,Y,Y,http://hdl.handle.net/10273/XXAB000YI,C-43,SHRIMP Logsheet,"Vielreicher et al., 2006 - AMIRA Project P680: Chronology of deformation, metamorphism and gold mineralisation in the Eastern Goldfields Province, Western Australia: An improved framework of exploration"
SHD 13 386.6-389,HIGH,Y,Y,Y,http://hdl.handle.net/10273/XXAB000YJ,C-43,SHRIMP Logsheet,"Vielreicher et al., 2006 - AMIRA Project P680: Chronology of deformation, metamorphism and gold mineralisation in the Eastern Goldfields Province, Western Australia: An improved framework of exploration"
SHD-9,HIGH,Y,Y,Y,http://hdl.handle.net/10273/XXAB0009L,97-02,SHRIMP Logsheet,"Krapez et al., 2000 - Tectonophysics - https://doi.org/10.1016/S0040-1951(00)00059-7"
SR-01,HIGH,Y,Y,Y,http://hdl.handle.net/10273/XXAB000MU,A-30,"SHRIMP Logsheet, Notebook Sketch","Dawson et al., 2002 - Precambrian Research - https://doi.org/10.1016/S0301-9268(02)00110-9"
SSD-6,HIGH,Y,Y,Y,http://hdl.handle.net/10273/XXAB0008Y,96-75,SHRIMP Logsheet,"Mueller and McNaughton, 2000 - Economic Geology - https://doi.org/10.2113/gsecongeo.95.6.1231"
STEER R III,LOW,N,Y,Y,http://hdl.handle.net/10273/XXAB001Z7,99-86,,
STEERE R. PICKED,LOW,N,N,Y,http://hdl.handle.net/10273/XXAB001YN,99-47,,"Dawson et al., 2002 - Precambrian Research - https://doi.org/10.1016/S0301-9268(02)00110-9"
STEERE R. RANDOM,LOW,N,N,Y,http://hdl.handle.net/10273/XXAB001YO,99-47,,"Dawson et al., 2002 - Precambrian Research - https://doi.org/10.1016/S0301-9268(02)00110-9"
STEERE R.II,LOW,N,Y,Y,http://hdl.handle.net/10273/XXAB000KM,99-69,,
TH26,HIGH,Y,Y,Y,http://hdl.handle.net/10273/XXAB0010S,C-96,"SHRIMP Logsheet, Notebook Sketch",
TM01 (MD22),HIGH,Y,Y,Y,http://hdl.handle.net/10273/XXAB001N8,09-12,SHRIMP Logsheet,
TM01 (MD23),HIGH,Y,Y,Y,http://hdl.handle.net/10273/XXAB001NA,09-13,SHRIMP Logsheet,
TM02 (MD20),HIGH,Y,Y,Y,http://hdl.handle.net/10273/XXAB001N4,09-10,SHRIMP Logsheet,
TM02 (MD21),HIGH,Y,Y,Y,http://hdl.handle.net/10273/XXAB001N6,09-11,SHRIMP Logsheet,
TPD 305 360.5-361.5M,HIGH,Y,Y,Y,http://hdl.handle.net/10273/XXAB001MM; http://hdl.handle.net/10273/XXAB001MW,08-05; 08-25,"SHRIMP Logsheet, Notebook Sketch","Doyle et al., 2015 - Economic Geology - https://doi.org/10.2113/econgeo.110.2.355"
TPD 305 362-363M,HIGH,Y,Y,Y,http://hdl.handle.net/10273/XXAB001ML,08-05,"SHRIMP Logsheet, Notebook Sketch","Doyle et al., 2015 - Economic Geology - https://doi.org/10.2113/econgeo.110.2.355"
TR-01,HIGH,Y,Y,Y,http://hdl.handle.net/10273/XXAB000NL,A-37,"SHRIMP Logsheet, Notebook Sketch","Dawson et al., 2002 - Precambrian Research - https://doi.org/10.1016/S0301-9268(02)00110-9"
TR-02,HIGH,Y,Y,Y,http://hdl.handle.net/10273/XXAB000NS,A-39,"SHRIMP Logsheet, Notebook Sketch","Dawson et al., 2002 - Precambrian Research - https://doi.org/10.1016/S0301-9268(02)00110-9"
TRE 022,HIGH,Y,Y,Y,http://hdl.handle.net/10273/XXAB000JH,99-45,"SHRIMP Logsheet, Notebook Sketch","T. Evans, 1999 - Extent and nature of the 1.2 Ga Wheatbelt dyke swarm, Yilgarn Craton, Western Australia - UWA Honours Thesis"
TRE 026,HIGH,Y,Y,Y,http://hdl.handle.net/10273/XXAB000JF,99-45,"SHRIMP Logsheet, Notebook Sketch","T. Evans, 1999 - Extent and nature of the 1.2 Ga Wheatbelt dyke swarm, Yilgarn Craton, Western Australia - UWA Honours Thesis"
TRE 029,HIGH,Y,Y,Y,http://hdl.handle.net/10273/XXAB000JG,99-45,"SHRIMP Logsheet, Notebook Sketch","T. Evans, 1999 - Extent and nature of the 1.2 Ga Wheatbelt dyke swarm, Yilgarn Craton, Western Australia - UWA Honours Thesis"
TRE 032,HIGH,Y,Y,Y,http://hdl.handle.net/10273/XXAB000JI,99-45,"SHRIMP Logsheet, Notebook Sketch","T. Evans, 1999 - Extent and nature of the 1.2 Ga Wheatbelt dyke swarm, Yilgarn Craton, Western Australia - UWA Honours Thesis"
TRE 036,HIGH,Y,Y,Y,http://hdl.handle.net/10273/XXAB000JK,99-45,"SHRIMP Logsheet, Notebook Sketch","T. Evans, 1999 - Extent and nature of the 1.2 Ga Wheatbelt dyke swarm, Yilgarn Craton, Western Australia - UWA Honours Thesis"
TUQZ3,LOW,N,Y,Y,http://hdl.handle.net/10273/XXAB001GE,05-02,,"Krapez et al., 2017 - Precambrian Research - http://dx.doi.org/10.1016/j.precamres.2017.03.020"
U514/1A,MEDIUM,Y,Y,Y,http://hdl.handle.net/10273/XXAB000HG,99-12,Geological Report,"Blake et al., 2004 - Precambrian Research - doi:10.1016/j.precamres.2004.03.012"
U911/1A,HIGH,Y,Y,Y,http://hdl.handle.net/10273/XXAB000DE,98-101,"SHRIMP Logsheet, Notebook Sketch","Blake et al., 2004 - Precambrian Research - doi:10.1016/j.precamres.2004.03.012"
U919/1,HIGH,Y,Y,Y,http://hdl.handle.net/10273/XXAB000E8,98-29,"SHRIMP Logsheet, Notebook Sketch","Blake et al., 2004 - Precambrian Research - doi:10.1016/j.precamres.2004.03.012"
U920/1,HIGH,Y,Y,Y,http://hdl.handle.net/10273/XXAB000ED,98-30,"SHRIMP Logsheet, Notebook Sketch","Blake et al., 2004 - Precambrian Research - doi:10.1016/j.precamres.2004.03.012"
U922/1,HIGH,Y,Y,Y,http://hdl.handle.net/10273/XXAB000CE,98-01,SHRIMP Logsheet,"Blake et al., 2004 - Precambrian Research - doi:10.1016/j.precamres.2004.03.012"
U928/1,HIGH,Y,Y,Y,http://hdl.handle.net/10273/XXAB000CG,98-02,SHRIMP Logsheet,"Blake et al., 2004 - Precambrian Research - doi:10.1016/j.precamres.2004.03.012"
U929/1,HIGH,Y,Y,Y,http://hdl.handle.net/10273/XXAB000CH,98-02,SHRIMP Logsheet,"Blake et al., 2004 - Precambrian Research - doi:10.1016/j.precamres.2004.03.012"
U930/1,HIGH,Y,Y,Y,http://hdl.handle.net/10273/XXAB000CD,98-01,SHRIMP Logsheet,"Blake et al., 2004 - Precambrian Research - doi:10.1016/j.precamres.2004.03.012"
U931/1,HIGH,Y,Y,Y,http://hdl.handle.net/10273/XXAB000CC,98-01,SHRIMP Logsheet,"Blake et al., 2004 - Precambrian Research - doi:10.1016/j.precamres.2004.03.012"
U933/1,LOW,N,Y,Y,http://hdl.handle.net/10273/XXAB000CL,98-03,,"Blake et al., 2004 - Precambrian Research - doi:10.1016/j.precamres.2004.03.012"
U938/1,HIGH,Y,Y,Y,http://hdl.handle.net/10273/XXAB000EC,98-30,"SHRIMP Logsheet, Notebook Sketch","Blake et al., 2004 - Precambrian Research - doi:10.1016/j.precamres.2004.03.012"
U955/1,HIGH,Y,Y,Y,http://hdl.handle.net/10273/XXAB000DD,98-101,"SHRIMP Logsheet, Notebook Sketch","Blake et al., 2004 - Precambrian Research - doi:10.1016/j.precamres.2004.03.012"
U961/1,HIGH,Y,Y,Y,http://hdl.handle.net/10273/XXAB000DC,98-101,"SHRIMP Logsheet, Notebook Sketch","Blake et al., 2004 - Precambrian Research - doi:10.1016/j.precamres.2004.03.012"
VOM 432634,HIGH,Y,Y,Y,http://hdl.handle.net/10273/XXAB0005A,96-02,SHRIMP Logsheet,"P - Ross et al., 2004 - Precambrian Research - https://doi.org/10.1016/j.precamres.2003.08.013"
VOM 95 061B,HIGH,Y,Y,Y,http://hdl.handle.net/10273/XXAB00053,95-42,SHRIMP Logsheet,
VOM 95 327,HIGH,Y,Y,Y,http://hdl.handle.net/10273/XXAB00052,95-42,SHRIMP Logsheet,"Most likely unpublished data mentioned in Van Kranendonk et al., 2002 - Economic Geology - https://doi.org/10.2113/gsecongeo.97.4.695"
VOM 95-031,HIGH,Y,Y,Y,http://hdl.handle.net/10273/XXAB0006Z,96-29,SHRIMP Logsheet,
VOM 95-061A,HIGH,Y,Y,Y,http://hdl.handle.net/10273/XXAB00059,96-02,SHRIMP Logsheet,
VOM 95-078,HIGH,Y,Y,Y,http://hdl.handle.net/10273/XXAB0006Y,96-29,SHRIMP Logsheet,
W127,LOW,N,N,Y,http://hdl.handle.net/10273/XXAB000PH,01-41,,"Evans et al., 2003 - Australian Journal of Earth Sciences - https://doi.org/10.1111/j.1400-0952.2003.01031.x and Pidgeon and Horwitz, 1991 - Australian Journal of Earth Sciences - https://doi.org/10.1080/08120099108727955"
W17,HIGH,Y,Y,Y,http://hdl.handle.net/10273/XXAB0005I,96-05,SHRIMP Logsheet,"Barley et al., 1997 - Nature - https://doi.org/10.1038/385055a0"
W172,LOW,N,N,Y,http://hdl.handle.net/10273/XXAB000PJ,01-41,,"Evans et al., 2003 - Australian Journal of Earth Sciences - https://doi.org/10.1111/j.1400-0952.2003.01031.x and Pidgeon and Horwitz, 1991 - Australian Journal of Earth Sciences - https://doi.org/10.1080/08120099108727955"
W69,HIGH,Y,Y,Y,http://hdl.handle.net/10273/XXAB0002V; http://hdl.handle.net/10273/XXAB0003F,95-12; 95-15,SHRIMP Logsheet,
WB 107P,LOW,N,N,Y,http://hdl.handle.net/10273/XXAB00225,B-90,,"B Salier, 2003 - The timing and source of gold-bearing fluids in the Laverton Greenstone Belt, Yilgarn Craton, with emphasis on the Wallaby Gold Deposit - UWA PhD Thesis"
WG 300 MRL,HIGH,Y,Y,Y,http://hdl.handle.net/10273/XXAB000I2,99-22,SHRIMP Logsheet,"L Bucci 2001 - An integrated temporal model of deformational, magmatic and hydrothermal mineralization events at the amphibolite-hosted Chalice gold deposit, Yilgarn Craton, Western Australia - UWA PhD Thesis"
WG 50 NON-MAG,LOW,N,N,Y,http://hdl.handle.net/10273/XXAB0021V,A-90,,"B Salier, 2003 - The timing and source of gold-bearing fluids in the Laverton Greenstone Belt, Yilgarn Craton, with emphasis on the Wallaby Gold Deposit - UWA PhD Thesis"
WG-GN,HIGH,Y,Y,Y,http://hdl.handle.net/10273/XXAB000I3,99-22,SHRIMP Logsheet,"Bucci et al., 2004 - Economic Geology - 0361-0128/01/3450/1123-22"
WR012,HIGH,Y,Y,Y,http://hdl.handle.net/10273/XXAB0001W,94-30,SHRIMP Logsheet,
WW 108,LOW,N,N,Y,http://hdl.handle.net/10273/XXAB00224,B-90,,"B Salier, 2003 - The timing and source of gold-bearing fluids in the Laverton Greenstone Belt, Yilgarn Craton, with emphasis on the Wallaby Gold Deposit - UWA PhD Thesis"
WW12,HIGH,Y,Y,Y,http://hdl.handle.net/10273/XXAB0005H,96-05,SHRIMP Logsheet,"Barley et al., 1997 - Nature - https://doi.org/10.1038/385055a0"
XTC,HIGH,Y,Y,Y,http://hdl.handle.net/10273/XXAB001XX; http://hdl.handle.net/10273/XXAB001Y3; http://hdl.handle.net/10273/XXAB001YC,98-16; 98-44; 98-60; 98-82,SHRIMP Logsheet,"Fletcher et al., 2000 - Australian Journal of Earth Sciences - https://doi.org/10.1046/j.1440-0952.2000.00819.x"
YILGANGIE,HIGH,Y,Y,Y,http://hdl.handle.net/10273/XXAB000T6,B-60,"SHRIMP Logsheet, Notebook Sketch",
YQ1,HIGH,Y,Y,Y,http://hdl.handle.net/10273/XXAB0002S,95-11,SHRIMP Logsheet,"Y Qiu, 1997 - Long-lived granitoid magmatism in the Southern Cross Province, Yilgarn Craton, Western Australia, and its relationships with Archaean lode-gold mineralization - UWA PhD Thesis"
YQ10,LOW,N,Y,Y,http://hdl.handle.net/10273/XXAB0003T; http://hdl.handle.net/10273/XXAB0004V,95-26; 95-40,,"Qiu et al. 1997, Chronique De La Recherche Miniere - see thesis ,Qiu 1997, Long-lived granitoid magmatism in the Southern Cross Province, Yilgarn Craton, Western Australia, and its relationships with Archaean lode-gold mineralization: UWA PhD Thesis; Y Qiu, 1997 - Long-lived granitoid magmatism in the Southern Cross Province, Yilgarn Craton, Western Australia, and its relationships with Archaean lode-gold mineralization - UWA PhD Thesis"
YQ11,LOW,N,Y,Y,http://hdl.handle.net/10273/XXAB0003U,95-26,,"Qiu et al. 1997, Chronique De La Recherche Miniere - see thesis ,Qiu 1997, Long-lived granitoid magmatism in the Southern Cross Province, Yilgarn Craton, Western Australia, and its relationships with Archaean lode-gold mineralization: UWA PhD Thesis"
YQ13,LOW,N,Y,Y,http://hdl.handle.net/10273/XXAB0002O; http://hdl.handle.net/10273/XXAB0004S,95-10; 95-39,SHRIMP Logsheet,"Y Qiu, 1997 - Long-lived granitoid magmatism in the Southern Cross Province, Yilgarn Craton, Western Australia, and its relationships with Archaean lode-gold mineralization - UWA PhD Thesis"
YQ14,LOW,N,Y,Y,http://hdl.handle.net/10273/XXAB0002P; http://hdl.handle.net/10273/XXAB0004T,95-10; 95-39,SHRIMP Logsheet,"Y Qiu, 1997 - Long-lived granitoid magmatism in the Southern Cross Province, Yilgarn Craton, Western Australia, and its relationships with Archaean lode-gold mineralization - UWA PhD Thesis"
YQ17,HIGH,Y,Y,Y,http://hdl.handle.net/10273/XXAB0003S; http://hdl.handle.net/10273/XXAB00060,95-26; 96-12,SHRIMP Logsheet,"Y Qiu, 1997 - Long-lived granitoid magmatism in the Southern Cross Province, Yilgarn Craton, Western Australia, and its relationships with Archaean lode-gold mineralization - UWA PhD Thesis"
YQ18,HIGH,Y,Y,Y,http://hdl.handle.net/10273/XXAB0001U,94-29,SHRIMP Logsheet,"Y Qiu, 1997 - Long-lived granitoid magmatism in the Southern Cross Province, Yilgarn Craton, Western Australia, and its relationships with Archaean lode-gold mineralization - UWA PhD Thesis"
YQ19,LOW,N,Y,Y,http://hdl.handle.net/10273/XXAB0002J,95-09,,"Y Qiu, 1997 - Long-lived granitoid magmatism in the Southern Cross Province, Yilgarn Craton, Western Australia, and its relationships with Archaean lode-gold mineralization - UWA PhD Thesis"
YQ2,HIGH,Y,Y,Y,http://hdl.handle.net/10273/XXAB0002R,95-11,SHRIMP Logsheet,"Y Qiu, 1997 - Long-lived granitoid magmatism in the Southern Cross Province, Yilgarn Craton, Western Australia, and its relationships with Archaean lode-gold mineralization - UWA PhD Thesis"
YQ21,LOW,N,Y,Y,http://hdl.handle.net/10273/XXAB0002N,95-10,SHRIMP Logsheet,"Y Qiu, 1997 - Long-lived granitoid magmatism in the Southern Cross Province, Yilgarn Craton, Western Australia, and its relationships with Archaean lode-gold mineralization - UWA PhD Thesis"
YQ22,LOW,N,Y,Y,http://hdl.handle.net/10273/XXAB0002K,95-09,,"Y Qiu, 1997 - Long-lived granitoid magmatism in the Southern Cross Province, Yilgarn Craton, Western Australia, and its relationships with Archaean lode-gold mineralization - UWA PhD Thesis"
YQ3,HIGH,Y,Y,Y,http://hdl.handle.net/10273/XXAB0001S,94-29,SHRIMP Logsheet,"Y Qiu, 1997 - Long-lived granitoid magmatism in the Southern Cross Province, Yilgarn Craton, Western Australia, and its relationships with Archaean lode-gold mineralization - UWA PhD Thesis"
YQ38,HIGH,Y,Y,Y,http://hdl.handle.net/10273/XXAB00061,96-12,SHRIMP Logsheet,"Qiu et al. 1999, Aust J Earth Sci: DOI: 10.1046/j.1440-0952.1999.00758.x; Qiu 1997, Long-lived granitoid magmatism in the Southern Cross Province, Yilgarn Craton, Western Australia, and its relationships with Archaean lode-gold...: UWA PhD Thesis"
YQ6,LOW,N,Y,Y,http://hdl.handle.net/10273/XXAB0002L,95-09,,"Y Qiu, 1997 - Long-lived granitoid magmatism in the Southern Cross Province, Yilgarn Craton, Western Australia, and its relationships with Archaean lode-gold mineralization - UWA PhD Thesis"
YQ7,HIGH,Y,Y,Y,http://hdl.handle.net/10273/XXAB0001T,94-29,SHRIMP Logsheet,"Y Qiu, 1997 - Long-lived granitoid magmatism in the Southern Cross Province, Yilgarn Craton, Western Australia, and its relationships with Archaean lode-gold mineralization - UWA PhD Thesis"
