year,mount_id,samples_missing_count,samples_high_priority_count,samples_medium_priority_count,samples_low_priority_count,samples_with_documents_flag_y,samples_with_available_flag_y,candidate_mount_directory_url,candidate_mount_zip_url,doc_types_seen,example_igsn_links,example_samples
1995,95-12,5,5,0,0,5,5,http://ddfe.curtin.edu.au/gswa-library/mcnaughton/data/1995/95-12,http://ddfe.curtin.edu.au/gswa-library/mcnaughton/data/1995/95-12/95-12.zip,"SHRIMP Logsheet; SHRIMP Logsheet, Notebook Sketch",http://hdl.handle.net/10273/XXAB0002U; http://hdl.handle.net/10273/XXAB0002V; http://hdl.handle.net/10273/XXAB0002W; http://hdl.handle.net/10273/XXAB0002X; http://hdl.handle.net/10273/XXAB0002Y,32A-603; 70727; GC588; GCPIT627; W69
1996,96-73,5,5,0,0,5,5,http://ddfe.curtin.edu.au/gswa-library/mcnaughton/data/1996/96-73,http://ddfe.curtin.edu.au/gswa-library/mcnaughton/data/1996/96-73/96-73.zip,SHRIMP Logsheet,http://hdl.handle.net/10273/XXAB0008Q; http://hdl.handle.net/10273/XXAB0008R; http://hdl.handle.net/10273/XXAB0008S; http://hdl.handle.net/10273/XXAB0008T; http://hdl.handle.net/10273/XXAB0008U,CHD-319; EMD-2; EMD-2 LEACHED; P2; R2
1999,99-45,5,5,0,0,5,5,http://ddfe.curtin.edu.au/gswa-library/mcnaughton/data/1999/99-45,http://ddfe.curtin.edu.au/gswa-library/mcnaughton/data/1999/99-45/99-45.zip,"SHRIMP Logsheet, Notebook Sketch",http://hdl.handle.net/10273/XXAB000JF; http://hdl.handle.net/10273/XXAB000JG; http://hdl.handle.net/10273/XXAB000JH; http://hdl.handle.net/10273/XXAB000JI; http://hdl.handle.net/10273/XXAB000JK,TRE 022; TRE 026; TRE 029; TRE 032; TRE 036
2002,C-37,5,5,0,0,5,5,http://ddfe.curtin.edu.au/gswa-library/mcnaughton/data/2002/C-37,http://ddfe.curtin.edu.au/gswa-library/mcnaughton/data/2002/C-37/C-37.zip,SHRIMP Logsheet,,MTM 1A; MTM 1B; MTM 7; MTM 8B; MTM 9
2009,09-14,5,5,0,0,5,5,http://ddfe.curtin.edu.au/gswa-library/mcnaughton/data/2009/09-14,http://ddfe.curtin.edu.au/gswa-library/mcnaughton/data/2009/09-14/09-14.zip,SHRIMP Logsheet,,MD 10; MD 12; MD 3; MD 4; MD 9
1998,98-20,4,4,0,0,4,0,http://ddfe.curtin.edu.au/gswa-library/mcnaughton/data/1998/98-20,http://ddfe.curtin.edu.au/gswa-library/mcnaughton/data/1998/98-20/98-20.zip,"SHRIMP Logsheet, Notebook Sketch",,BODD-1; BODD-3; BODD-4; BODD-5
2002,C-11,4,4,0,0,4,4,http://ddfe.curtin.edu.au/gswa-library/mcnaughton/data/2002/C-11,http://ddfe.curtin.edu.au/gswa-library/mcnaughton/data/2002/C-11/C-11.zip,SHRIMP Logsheet,http://hdl.handle.net/10273/XXAB000VY; http://hdl.handle.net/10273/XXAB000VZ; http://hdl.handle.net/10273/XXAB000W0; http://hdl.handle.net/10273/XXAB000W1,ENGD5: 133.6-137.5; GMPO; KND 133: 153-156; KND 174: 164.1-165
2002,C-43,4,4,0,0,4,4,http://ddfe.curtin.edu.au/gswa-library/mcnaughton/data/2002/C-43,http://ddfe.curtin.edu.au/gswa-library/mcnaughton/data/2002/C-43/C-43.zip,SHRIMP Logsheet,http://hdl.handle.net/10273/XXAB000YH; http://hdl.handle.net/10273/XXAB000YI; http://hdl.handle.net/10273/XXAB000YJ; http://hdl.handle.net/10273/XXAB000YK,SHD 13 104-106.5; SHD 13 115.8; SHD 13 309.5-312; SHD 13 386.6-389
1995,95-13,6,3,0,3,3,6,http://ddfe.curtin.edu.au/gswa-library/mcnaughton/data/1995/95-13,http://ddfe.curtin.edu.au/gswa-library/mcnaughton/data/1995/95-13/95-13.zip,SHRIMP Logsheet,http://hdl.handle.net/10273/XXAB00030; http://hdl.handle.net/10273/XXAB00031; http://hdl.handle.net/10273/XXAB00032; http://hdl.handle.net/10273/XXAB00033; http://hdl.handle.net/10273/XXAB00034,32A-1377; 32A-588; 32A-603.7; A195-1; A224-1; SB390
1994,94-10,3,3,0,0,3,3,http://ddfe.curtin.edu.au/gswa-library/mcnaughton/data/1994/94-10,http://ddfe.curtin.edu.au/gswa-library/mcnaughton/data/1994/94-10/94-10.zip,"SHRIMP Logsheet, Notebook Sketch",http://hdl.handle.net/10273/XXAB0000D; http://hdl.handle.net/10273/XXAB0000E; http://hdl.handle.net/10273/XXAB0000F,FL11 PYRITE; FL11 ZR NO INCLUSIONS; FL11 ZR WITH INCLUSIONS
1994,94-29,3,3,0,0,3,3,http://ddfe.curtin.edu.au/gswa-library/mcnaughton/data/1994/94-29,http://ddfe.curtin.edu.au/gswa-library/mcnaughton/data/1994/94-29/94-29.zip,SHRIMP Logsheet,http://hdl.handle.net/10273/XXAB0001S; http://hdl.handle.net/10273/XXAB0001T; http://hdl.handle.net/10273/XXAB0001U,YQ18; YQ3; YQ7
1995,95-30,3,3,0,0,3,3,http://ddfe.curtin.edu.au/gswa-library/mcnaughton/data/1995/95-30,http://ddfe.curtin.edu.au/gswa-library/mcnaughton/data/1995/95-30/95-30.zip,SHRIMP Logsheet,http://hdl.handle.net/10273/XXAB00044; http://hdl.handle.net/10273/XXAB00045; http://hdl.handle.net/10273/XXAB00046,397587Z; 429121Z COARSE; 429121Z FINE
1997,97-22,3,3,0,0,3,3,http://ddfe.curtin.edu.au/gswa-library/mcnaughton/data/1997/97-22,http://ddfe.curtin.edu.au/gswa-library/mcnaughton/data/1997/97-22/97-22.zip,SHRIMP Logsheet,http://hdl.handle.net/10273/XXAB000AP; http://hdl.handle.net/10273/XXAB000AQ; http://hdl.handle.net/10273/XXAB000AR,9796 7038G; 9796 9023; 9796 9044
1997,97-43,3,3,0,0,3,3,http://ddfe.curtin.edu.au/gswa-library/mcnaughton/data/1997/97-43,http://ddfe.curtin.edu.au/gswa-library/mcnaughton/data/1997/97-43/97-43.zip,"SHRIMP Logsheet, Notebook Sketch",http://hdl.handle.net/10273/XXAB000BZ; http://hdl.handle.net/10273/XXAB000C0; http://hdl.handle.net/10273/XXAB000C1,9796 7152; 9796 9209; 9796 9249
1997,97-44,3,3,0,0,3,3,http://ddfe.curtin.edu.au/gswa-library/mcnaughton/data/1997/97-44,http://ddfe.curtin.edu.au/gswa-library/mcnaughton/data/1997/97-44/97-44.zip,SHRIMP Logsheet,http://hdl.handle.net/10273/XXAB000C3; http://hdl.handle.net/10273/XXAB000C4; http://hdl.handle.net/10273/XXAB000C5,9796 7153; 9796 9212; 9796 9237
1998,98-01,3,3,0,0,3,3,http://ddfe.curtin.edu.au/gswa-library/mcnaughton/data/1998/98-01,http://ddfe.curtin.edu.au/gswa-library/mcnaughton/data/1998/98-01/98-01.zip,SHRIMP Logsheet,http://hdl.handle.net/10273/XXAB000CC; http://hdl.handle.net/10273/XXAB000CD; http://hdl.handle.net/10273/XXAB000CE,U922/1; U930/1; U931/1
1998,98-101,3,3,0,0,3,3,http://ddfe.curtin.edu.au/gswa-library/mcnaughton/data/1998/98-101,http://ddfe.curtin.edu.au/gswa-library/mcnaughton/data/1998/98-101/98-101.zip,"SHRIMP Logsheet, Notebook Sketch",http://hdl.handle.net/10273/XXAB000DC; http://hdl.handle.net/10273/XXAB000DD; http://hdl.handle.net/10273/XXAB000DE,U911/1A; U955/1; U961/1
1998,98-12,3,3,0,0,2,3,http://ddfe.curtin.edu.au/gswa-library/mcnaughton/data/1998/98-12,http://ddfe.curtin.edu.au/gswa-library/mcnaughton/data/1998/98-12/98-12.zip,SHRIMP Logsheet,http://hdl.handle.net/10273/XXAB000DN; http://hdl.handle.net/10273/XXAB000DO; http://hdl.handle.net/10273/XXAB000DP,9796 7150; 9796 9201; 9796 9248
1998,98-18,3,3,0,0,3,0,http://ddfe.curtin.edu.au/gswa-library/mcnaughton/data/1998/98-18,http://ddfe.curtin.edu.au/gswa-library/mcnaughton/data/1998/98-18/98-18.zip,"SHRIMP Logsheet, Notebook Sketch",http://hdl.handle.net/10273/XXAB001XI; http://hdl.handle.net/10273/XXAB001XJ,BODD-2; PAR-12 WT; S437
1998,98-72,3,3,0,0,3,3,http://ddfe.curtin.edu.au/gswa-library/mcnaughton/data/1998/98-72,http://ddfe.curtin.edu.au/gswa-library/mcnaughton/data/1998/98-72/98-72.zip,SHRIMP Logsheet,http://hdl.handle.net/10273/XXAB000FO; http://hdl.handle.net/10273/XXAB000FP; http://hdl.handle.net/10273/XXAB000FQ,9796 9212; 9796 9223; 9796 9248
1998,98-76,3,3,0,0,3,3,http://ddfe.curtin.edu.au/gswa-library/mcnaughton/data/1998/98-76,http://ddfe.curtin.edu.au/gswa-library/mcnaughton/data/1998/98-76/98-76.zip,"SHRIMP Logsheet, Notebook Sketch",http://hdl.handle.net/10273/XXAB000FU; http://hdl.handle.net/10273/XXAB000FW; http://hdl.handle.net/10273/XXAB000FX,9796 7150; 9796 9201; 9796 9249
1999,99-11,3,3,0,0,3,3,http://ddfe.curtin.edu.au/gswa-library/mcnaughton/data/1999/99-11,http://ddfe.curtin.edu.au/gswa-library/mcnaughton/data/1999/99-11/99-11.zip,"SHRIMP Logsheet, Notebook Sketch",http://hdl.handle.net/10273/XXAB000H8; http://hdl.handle.net/10273/XXAB000H9; http://hdl.handle.net/10273/XXAB000HA,E214; E229; E233
1999,99-34,3,3,0,0,3,3,http://ddfe.curtin.edu.au/gswa-library/mcnaughton/data/1999/99-34,http://ddfe.curtin.edu.au/gswa-library/mcnaughton/data/1999/99-34/99-34.zip,"SHRIMP Logsheet, Notebook Sketch",http://hdl.handle.net/10273/XXAB000IT; http://hdl.handle.net/10273/XXAB000IU; http://hdl.handle.net/10273/XXAB000IV,9996 7055; 9996 9066; 9996 9096
1999,99-58,3,3,0,0,3,3,http://ddfe.curtin.edu.au/gswa-library/mcnaughton/data/1999/99-58,http://ddfe.curtin.edu.au/gswa-library/mcnaughton/data/1999/99-58/99-58.zip,"SHRIMP Logsheet, Notebook Sketch",http://hdl.handle.net/10273/XXAB000K0; http://hdl.handle.net/10273/XXAB000K1; http://hdl.handle.net/10273/XXAB000K3,E225; E227; E314
1999,99-68,3,3,0,0,3,3,http://ddfe.curtin.edu.au/gswa-library/mcnaughton/data/1999/99-68,http://ddfe.curtin.edu.au/gswa-library/mcnaughton/data/1999/99-68/99-68.zip,SHRIMP Logsheet,http://hdl.handle.net/10273/XXAB000KG; http://hdl.handle.net/10273/XXAB000KH; http://hdl.handle.net/10273/XXAB000KI,E313; E319; E322
1999,99-81,3,3,0,0,3,3,http://ddfe.curtin.edu.au/gswa-library/mcnaughton/data/1999/99-81,http://ddfe.curtin.edu.au/gswa-library/mcnaughton/data/1999/99-81/99-81.zip,"SHRIMP Logsheet, Notebook Sketch",http://hdl.handle.net/10273/XXAB000KU; http://hdl.handle.net/10273/XXAB000KW; http://hdl.handle.net/10273/XXAB000KX,AFA 901; AGC 834; AGC 845
2000,A-80,3,3,0,0,3,3,http://ddfe.curtin.edu.au/gswa-library/mcnaughton/data/2000/A-80,http://ddfe.curtin.edu.au/gswa-library/mcnaughton/data/2000/A-80/A-80.zip,SHRIMP Logsheet,http://hdl.handle.net/10273/XXAB000ON; http://hdl.handle.net/10273/XXAB000OP; http://hdl.handle.net/10273/XXAB000OQ,E353; E356; E357
1996,96-19,3,2,0,1,2,3,http://ddfe.curtin.edu.au/gswa-library/mcnaughton/data/1996/96-19,http://ddfe.curtin.edu.au/gswa-library/mcnaughton/data/1996/96-19/96-19.zip,SHRIMP Logsheet,http://hdl.handle.net/10273/XXAB0006A; http://hdl.handle.net/10273/XXAB0006B; http://hdl.handle.net/10273/XXAB0006C,9305/010; CARB; MOND
1996,96-71,3,2,0,1,2,3,http://ddfe.curtin.edu.au/gswa-library/mcnaughton/data/1996/96-71,http://ddfe.curtin.edu.au/gswa-library/mcnaughton/data/1996/96-71/96-71.zip,SHRIMP Logsheet,http://hdl.handle.net/10273/XXAB0008I; http://hdl.handle.net/10273/XXAB0008K; http://hdl.handle.net/10273/XXAB0008L,M95-028A; M95-028B; M95-556A
1997,97-02,3,2,0,1,2,3,http://ddfe.curtin.edu.au/gswa-library/mcnaughton/data/1997/97-02,http://ddfe.curtin.edu.au/gswa-library/mcnaughton/data/1997/97-02/97-02.zip,SHRIMP Logsheet,http://hdl.handle.net/10273/XXAB0009K; http://hdl.handle.net/10273/XXAB0009L; http://hdl.handle.net/10273/XXAB0009M,KWA-1; MGS-1; SHD-9
1997,97-40,3,2,1,0,3,3,http://ddfe.curtin.edu.au/gswa-library/mcnaughton/data/1997/97-40,http://ddfe.curtin.edu.au/gswa-library/mcnaughton/data/1997/97-40/97-40.zip,"Notebook Sketch; SHRIMP Logsheet, Notebook Sketch",http://hdl.handle.net/10273/XXAB000BR; http://hdl.handle.net/10273/XXAB000BS; http://hdl.handle.net/10273/XXAB000BT,9796 9090; 9796 9125; 9796 9202
1994,94-07,2,2,0,0,2,2,http://ddfe.curtin.edu.au/gswa-library/mcnaughton/data/1994/94-07,http://ddfe.curtin.edu.au/gswa-library/mcnaughton/data/1994/94-07/94-07.zip,"SHRIMP Logsheet, Notebook Sketch",http://hdl.handle.net/10273/XXAB00005; http://hdl.handle.net/10273/XXAB00006,DUF SPIN; GOBBO'S
1994,94-24,2,2,0,0,2,2,http://ddfe.curtin.edu.au/gswa-library/mcnaughton/data/1994/94-24,http://ddfe.curtin.edu.au/gswa-library/mcnaughton/data/1994/94-24/94-24.zip,SHRIMP Logsheet,http://hdl.handle.net/10273/XXAB0001D; http://hdl.handle.net/10273/XXAB0001E,19A-785; 32A-588.8
1995,95-01,2,2,0,0,0,0,http://ddfe.curtin.edu.au/gswa-library/mcnaughton/data/1995/95-01,http://ddfe.curtin.edu.au/gswa-library/mcnaughton/data/1995/95-01/95-01.zip,,http://hdl.handle.net/10273/XXAB001VX; http://hdl.handle.net/10273/XXAB001VY,JBS35; JBS44
1995,95-02,2,2,0,0,2,0,http://ddfe.curtin.edu.au/gswa-library/mcnaughton/data/1995/95-02,http://ddfe.curtin.edu.au/gswa-library/mcnaughton/data/1995/95-02/95-02.zip,Handwritten SHRIMP Logsheet,http://hdl.handle.net/10273/XXAB001W0; http://hdl.handle.net/10273/XXAB001W1,JBS17; JBS44
1995,95-03,2,2,0,0,2,2,http://ddfe.curtin.edu.au/gswa-library/mcnaughton/data/1995/95-03,http://ddfe.curtin.edu.au/gswa-library/mcnaughton/data/1995/95-03/95-03.zip,Handwritten SHRIMP Logsheet,http://hdl.handle.net/10273/XXAB00020; http://hdl.handle.net/10273/XXAB00021,JBS17; JBS35
1995,95-11,2,2,0,0,2,2,http://ddfe.curtin.edu.au/gswa-library/mcnaughton/data/1995/95-11,http://ddfe.curtin.edu.au/gswa-library/mcnaughton/data/1995/95-11/95-11.zip,SHRIMP Logsheet,http://hdl.handle.net/10273/XXAB0002R; http://hdl.handle.net/10273/XXAB0002S,YQ1; YQ2
1995,95-41,2,2,0,0,2,2,http://ddfe.curtin.edu.au/gswa-library/mcnaughton/data/1995/95-41,http://ddfe.curtin.edu.au/gswa-library/mcnaughton/data/1995/95-41/95-41.zip,SHRIMP Logsheet,http://hdl.handle.net/10273/XXAB0004Y; http://hdl.handle.net/10273/XXAB0004Z,72263; 94003
1995,95-42,2,2,0,0,2,2,http://ddfe.curtin.edu.au/gswa-library/mcnaughton/data/1995/95-42,http://ddfe.curtin.edu.au/gswa-library/mcnaughton/data/1995/95-42/95-42.zip,SHRIMP Logsheet,http://hdl.handle.net/10273/XXAB00052; http://hdl.handle.net/10273/XXAB00053,VOM 95 061B; VOM 95 327
1996,96-01,2,2,0,0,2,2,http://ddfe.curtin.edu.au/gswa-library/mcnaughton/data/1996/96-01,http://ddfe.curtin.edu.au/gswa-library/mcnaughton/data/1996/96-01/96-01.zip,SHRIMP Logsheet,http://hdl.handle.net/10273/XXAB00055; http://hdl.handle.net/10273/XXAB00056,144329; 495588Z
1996,96-02,2,2,0,0,2,2,http://ddfe.curtin.edu.au/gswa-library/mcnaughton/data/1996/96-02,http://ddfe.curtin.edu.au/gswa-library/mcnaughton/data/1996/96-02/96-02.zip,SHRIMP Logsheet,http://hdl.handle.net/10273/XXAB00059; http://hdl.handle.net/10273/XXAB0005A,VOM 432634; VOM 95-061A
1996,96-05,2,2,0,0,2,2,http://ddfe.curtin.edu.au/gswa-library/mcnaughton/data/1996/96-05,http://ddfe.curtin.edu.au/gswa-library/mcnaughton/data/1996/96-05/96-05.zip,SHRIMP Logsheet,http://hdl.handle.net/10273/XXAB0005H; http://hdl.handle.net/10273/XXAB0005I,W17; WW12
1996,96-12,2,2,0,0,2,2,http://ddfe.curtin.edu.au/gswa-library/mcnaughton/data/1996/96-12,http://ddfe.curtin.edu.au/gswa-library/mcnaughton/data/1996/96-12/96-12.zip,SHRIMP Logsheet,http://hdl.handle.net/10273/XXAB00060; http://hdl.handle.net/10273/XXAB00061,YQ17; YQ38
1996,96-13,2,2,0,0,2,2,http://ddfe.curtin.edu.au/gswa-library/mcnaughton/data/1996/96-13,http://ddfe.curtin.edu.au/gswa-library/mcnaughton/data/1996/96-13/96-13.zip,SHRIMP Logsheet,http://hdl.handle.net/10273/XXAB00064; http://hdl.handle.net/10273/XXAB00065,EQ65; QFP1
1996,96-20,2,2,0,0,2,2,http://ddfe.curtin.edu.au/gswa-library/mcnaughton/data/1996/96-20,http://ddfe.curtin.edu.au/gswa-library/mcnaughton/data/1996/96-20/96-20.zip,SHRIMP Logsheet,http://hdl.handle.net/10273/XXAB0006E; http://hdl.handle.net/10273/XXAB0006F,95YQ-NW; 95YQ120
1996,96-21,2,2,0,0,2,2,http://ddfe.curtin.edu.au/gswa-library/mcnaughton/data/1996/96-21,http://ddfe.curtin.edu.au/gswa-library/mcnaughton/data/1996/96-21/96-21.zip,SHRIMP Logsheet,http://hdl.handle.net/10273/XXAB0006H; http://hdl.handle.net/10273/XXAB0006I,BOOB; CU HILLS
1996,96-25,2,2,0,0,2,2,http://ddfe.curtin.edu.au/gswa-library/mcnaughton/data/1996/96-25,http://ddfe.curtin.edu.au/gswa-library/mcnaughton/data/1996/96-25/96-25.zip,SHRIMP Logsheet,http://hdl.handle.net/10273/XXAB0006V; http://hdl.handle.net/10273/XXAB0006W,95YQ104; 95YQ87
1996,96-29,2,2,0,0,2,2,http://ddfe.curtin.edu.au/gswa-library/mcnaughton/data/1996/96-29,http://ddfe.curtin.edu.au/gswa-library/mcnaughton/data/1996/96-29/96-29.zip,SHRIMP Logsheet,http://hdl.handle.net/10273/XXAB0006Y; http://hdl.handle.net/10273/XXAB0006Z,VOM 95-031; VOM 95-078
1996,96-53,2,2,0,0,2,2,http://ddfe.curtin.edu.au/gswa-library/mcnaughton/data/1996/96-53,http://ddfe.curtin.edu.au/gswa-library/mcnaughton/data/1996/96-53/96-53.zip,SHRIMP Logsheet,http://hdl.handle.net/10273/XXAB00081; http://hdl.handle.net/10273/XXAB00082,K1; K4
1996,96-72,2,2,0,0,2,2,http://ddfe.curtin.edu.au/gswa-library/mcnaughton/data/1996/96-72,http://ddfe.curtin.edu.au/gswa-library/mcnaughton/data/1996/96-72/96-72.zip,SHRIMP Logsheet,http://hdl.handle.net/10273/XXAB0008N; http://hdl.handle.net/10273/XXAB0008O,P2; R2
1996,96-75,2,2,0,0,2,2,http://ddfe.curtin.edu.au/gswa-library/mcnaughton/data/1996/96-75,http://ddfe.curtin.edu.au/gswa-library/mcnaughton/data/1996/96-75/96-75.zip,SHRIMP Logsheet,http://hdl.handle.net/10273/XXAB0008Y; http://hdl.handle.net/10273/XXAB0008Z,CHD383; SSD-6
1996,96-80,2,2,0,0,2,2,http://ddfe.curtin.edu.au/gswa-library/mcnaughton/data/1996/96-80,http://ddfe.curtin.edu.au/gswa-library/mcnaughton/data/1996/96-80/96-80.zip,SHRIMP Logsheet,http://hdl.handle.net/10273/XXAB0009B,R1; RADIO HILL
1997,97-07,2,2,0,0,2,2,http://ddfe.curtin.edu.au/gswa-library/mcnaughton/data/1997/97-07,http://ddfe.curtin.edu.au/gswa-library/mcnaughton/data/1997/97-07/97-07.zip,SHRIMP Logsheet,http://hdl.handle.net/10273/XXAB0009S; http://hdl.handle.net/10273/XXAB0009T; http://hdl.handle.net/10273/XXAB0009U,CHD-319; LEUCOGRANITE
1997,97-11,2,2,0,0,2,2,http://ddfe.curtin.edu.au/gswa-library/mcnaughton/data/1997/97-11,http://ddfe.curtin.edu.au/gswa-library/mcnaughton/data/1997/97-11/97-11.zip,SHRIMP Logsheet,http://hdl.handle.net/10273/XXAB0009Z; http://hdl.handle.net/10273/XXAB000A0,E178; MB
1997,97-24,2,2,0,0,2,2,http://ddfe.curtin.edu.au/gswa-library/mcnaughton/data/1997/97-24,http://ddfe.curtin.edu.au/gswa-library/mcnaughton/data/1997/97-24/97-24.zip,SHRIMP Logsheet,http://hdl.handle.net/10273/XXAB000B0; http://hdl.handle.net/10273/XXAB000B1,95YQ100; NIM-1
1997,97-26,2,2,0,0,2,2,http://ddfe.curtin.edu.au/gswa-library/mcnaughton/data/1997/97-26,http://ddfe.curtin.edu.au/gswa-library/mcnaughton/data/1997/97-26/97-26.zip,SHRIMP Logsheet,http://hdl.handle.net/10273/XXAB000B7; http://hdl.handle.net/10273/XXAB000B8,9796 9102B; 9796 9126
1998,98-02,2,2,0,0,2,2,http://ddfe.curtin.edu.au/gswa-library/mcnaughton/data/1998/98-02,http://ddfe.curtin.edu.au/gswa-library/mcnaughton/data/1998/98-02/98-02.zip,SHRIMP Logsheet,http://hdl.handle.net/10273/XXAB000CG; http://hdl.handle.net/10273/XXAB000CH,U928/1; U929/1
1998,98-30,2,2,0,0,2,2,http://ddfe.curtin.edu.au/gswa-library/mcnaughton/data/1998/98-30,http://ddfe.curtin.edu.au/gswa-library/mcnaughton/data/1998/98-30/98-30.zip,"SHRIMP Logsheet, Notebook Sketch",http://hdl.handle.net/10273/XXAB000EC; http://hdl.handle.net/10273/XXAB000ED,U920/1; U938/1
1999,99-22,2,2,0,0,2,2,http://ddfe.curtin.edu.au/gswa-library/mcnaughton/data/1999/99-22,http://ddfe.curtin.edu.au/gswa-library/mcnaughton/data/1999/99-22/99-22.zip,SHRIMP Logsheet,http://hdl.handle.net/10273/XXAB000I2; http://hdl.handle.net/10273/XXAB000I3,WG 300 MRL; WG-GN
1999,99-24,2,2,0,0,2,2,http://ddfe.curtin.edu.au/gswa-library/mcnaughton/data/1999/99-24,http://ddfe.curtin.edu.au/gswa-library/mcnaughton/data/1999/99-24/99-24.zip,"SHRIMP Logsheet, Notebook Sketch",http://hdl.handle.net/10273/XXAB000I6; http://hdl.handle.net/10273/XXAB000I7,9996 7082C; 9996 9093B
1999,99-28,2,2,0,0,2,2,http://ddfe.curtin.edu.au/gswa-library/mcnaughton/data/1999/99-28,http://ddfe.curtin.edu.au/gswa-library/mcnaughton/data/1999/99-28/99-28.zip,SHRIMP Logsheet,http://hdl.handle.net/10273/XXAB000IG; http://hdl.handle.net/10273/XXAB000IH,9996 7082C; 9996 9093B
1999,99-33,2,2,0,0,2,2,http://ddfe.curtin.edu.au/gswa-library/mcnaughton/data/1999/99-33,http://ddfe.curtin.edu.au/gswa-library/mcnaughton/data/1999/99-33/99-33.zip,"SHRIMP Logsheet, Notebook Sketch",http://hdl.handle.net/10273/XXAB000IP; http://hdl.handle.net/10273/XXAB000IR,9996 7049A; 9996 9049
1999,99-36,2,2,0,0,2,2,http://ddfe.curtin.edu.au/gswa-library/mcnaughton/data/1999/99-36,http://ddfe.curtin.edu.au/gswa-library/mcnaughton/data/1999/99-36/99-36.zip,"SHRIMP Logsheet, Notebook Sketch",http://hdl.handle.net/10273/XXAB000IY; http://hdl.handle.net/10273/XXAB000IZ,#57 SKARN; 9996 4100
1999,99-42,2,2,0,0,2,2,http://ddfe.curtin.edu.au/gswa-library/mcnaughton/data/1999/99-42,http://ddfe.curtin.edu.au/gswa-library/mcnaughton/data/1999/99-42/99-42.zip,Notebook Sketch,http://hdl.handle.net/10273/XXAB000J5; http://hdl.handle.net/10273/XXAB000J6,#57 SKARN; ORC-6-21
1999,99-43,2,2,0,0,2,2,http://ddfe.curtin.edu.au/gswa-library/mcnaughton/data/1999/99-43,http://ddfe.curtin.edu.au/gswa-library/mcnaughton/data/1999/99-43/99-43.zip,"SHRIMP Logsheet, Notebook Sketch",http://hdl.handle.net/10273/XXAB000J8; http://hdl.handle.net/10273/XXAB000J9,9996 4016C; 9996 4100
1999,99-50,2,2,0,0,2,2,http://ddfe.curtin.edu.au/gswa-library/mcnaughton/data/1999/99-50,http://ddfe.curtin.edu.au/gswa-library/mcnaughton/data/1999/99-50/99-50.zip,SHRIMP Logsheet,http://hdl.handle.net/10273/XXAB000JR; http://hdl.handle.net/10273/XXAB000JS,#57 SKARN; ORC-6-21
1999,99-72,2,2,0,0,2,2,http://ddfe.curtin.edu.au/gswa-library/mcnaughton/data/1999/99-72,http://ddfe.curtin.edu.au/gswa-library/mcnaughton/data/1999/99-72/99-72.zip,"SHRIMP Logsheet, Notebook Sketch",http://hdl.handle.net/10273/XXAB000KQ; http://hdl.handle.net/10273/XXAB000KS,E320; E321
1999,99-73,2,2,0,0,2,0,http://ddfe.curtin.edu.au/gswa-library/mcnaughton/data/1999/99-73,http://ddfe.curtin.edu.au/gswa-library/mcnaughton/data/1999/99-73/99-73.zip,"SHRIMP Logsheet, Notebook Sketch",http://hdl.handle.net/10273/XXAB001Z3; http://hdl.handle.net/10273/XXAB001Z5,9996-4003; HM-18
1999,99-85,2,2,0,0,2,2,http://ddfe.curtin.edu.au/gswa-library/mcnaughton/data/1999/99-85,http://ddfe.curtin.edu.au/gswa-library/mcnaughton/data/1999/99-85/99-85.zip,SHRIMP Logsheet,http://hdl.handle.net/10273/XXAB000L8; http://hdl.handle.net/10273/XXAB000L9,AGC 847; AGC 849
2000,A-14,2,2,0,0,2,2,http://ddfe.curtin.edu.au/gswa-library/mcnaughton/data/2000/A-14,http://ddfe.curtin.edu.au/gswa-library/mcnaughton/data/2000/A-14/A-14.zip,"SHRIMP Logsheet, Notebook Sketch",http://hdl.handle.net/10273/XXAB000M8; http://hdl.handle.net/10273/XXAB000M9,9996 9142; 9996 9164A
2000,A-38,2,2,0,0,2,2,http://ddfe.curtin.edu.au/gswa-library/mcnaughton/data/2000/A-38,http://ddfe.curtin.edu.au/gswa-library/mcnaughton/data/2000/A-38/A-38.zip,"SHRIMP Logsheet, Notebook Sketch",http://hdl.handle.net/10273/XXAB000NN; http://hdl.handle.net/10273/XXAB000NO; http://hdl.handle.net/10273/XXAB000NP; http://hdl.handle.net/10273/XXAB000NQ,9796 7069A; 9796 7069B
2000,A-60,2,2,0,0,2,2,http://ddfe.curtin.edu.au/gswa-library/mcnaughton/data/2000/A-60,http://ddfe.curtin.edu.au/gswa-library/mcnaughton/data/2000/A-60/A-60.zip,SHRIMP Logsheet,http://hdl.handle.net/10273/XXAB000OG; http://hdl.handle.net/10273/XXAB000OH,E337; E349
2002,C-96,2,2,0,0,2,2,http://ddfe.curtin.edu.au/gswa-library/mcnaughton/data/2002/C-96,http://ddfe.curtin.edu.au/gswa-library/mcnaughton/data/2002/C-96/C-96.zip,"SHRIMP Logsheet, Notebook Sketch",http://hdl.handle.net/10273/XXAB0010S; http://hdl.handle.net/10273/XXAB0010U,E412; TH26
2003,03-116,2,2,0,0,2,0,http://ddfe.curtin.edu.au/gswa-library/mcnaughton/data/2003/03-116,http://ddfe.curtin.edu.au/gswa-library/mcnaughton/data/2003/03-116/03-116.zip,"SHRIMP Logsheet, Notebook Sketch",http://hdl.handle.net/10273/XXAB0028C; http://hdl.handle.net/10273/XXAB0028D,97-71-A; 97-71-I
2004,04-143,2,2,0,0,2,2,http://ddfe.curtin.edu.au/gswa-library/mcnaughton/data/2004/04-143,http://ddfe.curtin.edu.au/gswa-library/mcnaughton/data/2004/04-143/04-143.zip,"SHRIMP Logsheet, Notebook Sketch",http://hdl.handle.net/10273/XXAB001BO; http://hdl.handle.net/10273/XXAB001BP,JH-54; L465958
2006,06-59,2,2,0,0,2,2,http://ddfe.curtin.edu.au/gswa-library/mcnaughton/data/2006/06-59,http://ddfe.curtin.edu.au/gswa-library/mcnaughton/data/2006/06-59/06-59.zip,"SHRIMP Logsheet, Notebook Sketch",http://hdl.handle.net/10273/XXAB001L6; http://hdl.handle.net/10273/XXAB001L7,FB-01 COARSER; FB-10 COARSER
2008,08-05,2,2,0,0,2,2,http://ddfe.curtin.edu.au/gswa-library/mcnaughton/data/2008/08-05,http://ddfe.curtin.edu.au/gswa-library/mcnaughton/data/2008/08-05/08-05.zip,"SHRIMP Logsheet, Notebook Sketch",http://hdl.handle.net/10273/XXAB001ML; http://hdl.handle.net/10273/XXAB001MM,TPD 305 360.5-361.5M; TPD 305 362-363M
2009,09-20,2,2,0,0,2,2,http://ddfe.curtin.edu.au/gswa-library/mcnaughton/data/2009/09-20,http://ddfe.curtin.edu.au/gswa-library/mcnaughton/data/2009/09-20/09-20.zip,SHRIMP Logsheet,http://hdl.handle.net/10273/XXAB001NK; http://hdl.handle.net/10273/XXAB001NL,JHT-1A; JHT-1B
1995,95-26,3,1,0,2,0,3,http://ddfe.curtin.edu.au/gswa-library/mcnaughton/data/1995/95-26,http://ddfe.curtin.edu.au/gswa-library/mcnaughton/data/1995/95-26/95-26.zip,,http://hdl.handle.net/10273/XXAB0003S; http://hdl.handle.net/10273/XXAB0003T; http://hdl.handle.net/10273/XXAB0003U,YQ10; YQ11; YQ17
1995,95-21,2,1,0,1,1,2,http://ddfe.curtin.edu.au/gswa-library/mcnaughton/data/1995/95-21,http://ddfe.curtin.edu.au/gswa-library/mcnaughton/data/1995/95-21/95-21.zip,SHRIMP Logsheet,http://hdl.handle.net/10273/XXAB0003M; http://hdl.handle.net/10273/XXAB0003N,1443292; 397587C
1995,95-36,2,1,0,1,1,2,http://ddfe.curtin.edu.au/gswa-library/mcnaughton/data/1995/95-36,http://ddfe.curtin.edu.au/gswa-library/mcnaughton/data/1995/95-36/95-36.zip,SHRIMP Logsheet,http://hdl.handle.net/10273/XXAB0004I; http://hdl.handle.net/10273/XXAB0004J,9306/026; 9306/032
1997,97-20,2,1,0,1,1,2,http://ddfe.curtin.edu.au/gswa-library/mcnaughton/data/1997/97-20,http://ddfe.curtin.edu.au/gswa-library/mcnaughton/data/1997/97-20/97-20.zip,"SHRIMP Logsheet, List of BSE images",http://hdl.handle.net/10273/XXAB000AG; http://hdl.handle.net/10273/XXAB000AI,BF-1; KU-3
1997,97-25,2,1,1,0,2,2,http://ddfe.curtin.edu.au/gswa-library/mcnaughton/data/1997/97-25,http://ddfe.curtin.edu.au/gswa-library/mcnaughton/data/1997/97-25/97-25.zip,Mount Sketch; SHRIMP Logsheet and Mount Sketch,http://hdl.handle.net/10273/XXAB000B3; http://hdl.handle.net/10273/XXAB000B4,KU-2; NG-1
1998,98-03,2,1,0,1,1,2,http://ddfe.curtin.edu.au/gswa-library/mcnaughton/data/1998/98-03,http://ddfe.curtin.edu.au/gswa-library/mcnaughton/data/1998/98-03/98-03.zip,SHRIMP Logsheet,http://hdl.handle.net/10273/XXAB000CK; http://hdl.handle.net/10273/XXAB000CL,9796 9223; U933/1
2000,A-47,2,1,1,0,2,2,http://ddfe.curtin.edu.au/gswa-library/mcnaughton/data/2000/A-47,http://ddfe.curtin.edu.au/gswa-library/mcnaughton/data/2000/A-47/A-47.zip,"Notebook Sketch; SHRIMP Logsheet, Notebook Sketch",http://hdl.handle.net/10273/XXAB000NW; http://hdl.handle.net/10273/XXAB000NY,E324; E325
2004,04-140,2,1,0,1,0,2,http://ddfe.curtin.edu.au/gswa-library/mcnaughton/data/2004/04-140,http://ddfe.curtin.edu.au/gswa-library/mcnaughton/data/2004/04-140/04-140.zip,,http://hdl.handle.net/10273/XXAB002DR; http://hdl.handle.net/10273/XXAB002DS,ANORT; SDA
2006,06-64,2,1,0,1,1,0,http://ddfe.curtin.edu.au/gswa-library/mcnaughton/data/2006/06-64,http://ddfe.curtin.edu.au/gswa-library/mcnaughton/data/2006/06-64/06-64.zip,SHRIMP Logsheet,http://hdl.handle.net/10273/XXAB001LF; http://hdl.handle.net/10273/XXAB001LG,FB-03; FB-04
1994,94-08,1,1,0,0,0,1,http://ddfe.curtin.edu.au/gswa-library/mcnaughton/data/1994/94-08,http://ddfe.curtin.edu.au/gswa-library/mcnaughton/data/1994/94-08/94-08.zip,,http://hdl.handle.net/10273/XXAB00009,GOBBO'S
1994,94-18,1,1,0,0,1,1,http://ddfe.curtin.edu.au/gswa-library/mcnaughton/data/1994/94-18,http://ddfe.curtin.edu.au/gswa-library/mcnaughton/data/1994/94-18/94-18.zip,SHRIMP Logsheet,http://hdl.handle.net/10273/XXAB00012,GNE
1994,94-27,1,1,0,0,1,1,http://ddfe.curtin.edu.au/gswa-library/mcnaughton/data/1994/94-27,http://ddfe.curtin.edu.au/gswa-library/mcnaughton/data/1994/94-27/94-27.zip,SHRIMP Logsheet,http://hdl.handle.net/10273/XXAB0001O,70650
1994,94-28,1,1,0,0,1,1,http://ddfe.curtin.edu.au/gswa-library/mcnaughton/data/1994/94-28,http://ddfe.curtin.edu.au/gswa-library/mcnaughton/data/1994/94-28/94-28.zip,SHRIMP Logsheet,http://hdl.handle.net/10273/XXAB0001Q,60925
1994,94-30,1,1,0,0,1,1,http://ddfe.curtin.edu.au/gswa-library/mcnaughton/data/1994/94-30,http://ddfe.curtin.edu.au/gswa-library/mcnaughton/data/1994/94-30/94-30.zip,SHRIMP Logsheet,http://hdl.handle.net/10273/XXAB0001W,WR012
1995,95-07,1,1,0,0,1,1,http://ddfe.curtin.edu.au/gswa-library/mcnaughton/data/1995/95-07,http://ddfe.curtin.edu.au/gswa-library/mcnaughton/data/1995/95-07/95-07.zip,Handwritten SHRIMP Logsheet,http://hdl.handle.net/10273/XXAB0002D,JS25
1995,95-14,1,1,0,0,0,1,http://ddfe.curtin.edu.au/gswa-library/mcnaughton/data/1995/95-14,http://ddfe.curtin.edu.au/gswa-library/mcnaughton/data/1995/95-14/95-14.zip,,http://hdl.handle.net/10273/XXAB0003B,32A-603
1995,95-15,1,1,0,0,0,1,http://ddfe.curtin.edu.au/gswa-library/mcnaughton/data/1995/95-15,http://ddfe.curtin.edu.au/gswa-library/mcnaughton/data/1995/95-15/95-15.zip,,http://hdl.handle.net/10273/XXAB0003F,W69
1995,95-33,1,1,0,0,1,1,http://ddfe.curtin.edu.au/gswa-library/mcnaughton/data/1995/95-33,http://ddfe.curtin.edu.au/gswa-library/mcnaughton/data/1995/95-33/95-33.zip,SHRIMP Logsheet,http://hdl.handle.net/10273/XXAB0004C,PIT 633 W. WALL
1996,96-08,1,1,0,0,1,1,http://ddfe.curtin.edu.au/gswa-library/mcnaughton/data/1996/96-08,http://ddfe.curtin.edu.au/gswa-library/mcnaughton/data/1996/96-08/96-08.zip,SHRIMP Logsheet,http://hdl.handle.net/10273/XXAB0005Q,E7
1996,96-09,1,1,0,0,1,0,http://ddfe.curtin.edu.au/gswa-library/mcnaughton/data/1996/96-09,http://ddfe.curtin.edu.au/gswa-library/mcnaughton/data/1996/96-09/96-09.zip,SHRIMP Logsheet,http://hdl.handle.net/10273/XXAB001WG,E47
1996,96-18,1,1,0,0,1,0,http://ddfe.curtin.edu.au/gswa-library/mcnaughton/data/1996/96-18,http://ddfe.curtin.edu.au/gswa-library/mcnaughton/data/1996/96-18/96-18.zip,SHRIMP Logsheet,http://hdl.handle.net/10273/XXAB001WK,CSB1
1996,96-31,1,1,0,0,1,1,http://ddfe.curtin.edu.au/gswa-library/mcnaughton/data/1996/96-31,http://ddfe.curtin.edu.au/gswa-library/mcnaughton/data/1996/96-31/96-31.zip,SHRIMP Logsheet,http://hdl.handle.net/10273/XXAB00071,N4436
1996,96-39,1,1,0,0,1,1,http://ddfe.curtin.edu.au/gswa-library/mcnaughton/data/1996/96-39,http://ddfe.curtin.edu.au/gswa-library/mcnaughton/data/1996/96-39/96-39.zip,SHRIMP Logsheet,http://hdl.handle.net/10273/XXAB0007E,N4259
1996,96-44,1,1,0,0,1,1,http://ddfe.curtin.edu.au/gswa-library/mcnaughton/data/1996/96-44,http://ddfe.curtin.edu.au/gswa-library/mcnaughton/data/1996/96-44/96-44.zip,SHRIMP Logsheet,http://hdl.handle.net/10273/XXAB0007K,N3162
1996,96-46,1,1,0,0,1,0,http://ddfe.curtin.edu.au/gswa-library/mcnaughton/data/1996/96-46,http://ddfe.curtin.edu.au/gswa-library/mcnaughton/data/1996/96-46/96-46.zip,SHRIMP Logsheet,http://hdl.handle.net/10273/XXAB001WY,ANORT.
1996,96-66,1,1,0,0,0,0,http://ddfe.curtin.edu.au/gswa-library/mcnaughton/data/1996/96-66,http://ddfe.curtin.edu.au/gswa-library/mcnaughton/data/1996/96-66/96-66.zip,,http://hdl.handle.net/10273/XXAB001X6,79/16
1996,96-67,1,1,0,0,1,0,http://ddfe.curtin.edu.au/gswa-library/mcnaughton/data/1996/96-67,http://ddfe.curtin.edu.au/gswa-library/mcnaughton/data/1996/96-67/96-67.zip,SHRIMP Logsheet,http://hdl.handle.net/10273/XXAB001X8,79/16
1996,96-68,1,1,0,0,1,1,http://ddfe.curtin.edu.au/gswa-library/mcnaughton/data/1996/96-68,http://ddfe.curtin.edu.au/gswa-library/mcnaughton/data/1996/96-68/96-68.zip,SHRIMP Logsheet,http://hdl.handle.net/10273/XXAB0008G,N4450
1996,96-74,1,1,0,0,1,1,http://ddfe.curtin.edu.au/gswa-library/mcnaughton/data/1996/96-74,http://ddfe.curtin.edu.au/gswa-library/mcnaughton/data/1996/96-74/96-74.zip,SHRIMP Logsheet,http://hdl.handle.net/10273/XXAB0008W,P3
1997,97-23,1,1,0,0,1,1,http://ddfe.curtin.edu.au/gswa-library/mcnaughton/data/1997/97-23,http://ddfe.curtin.edu.au/gswa-library/mcnaughton/data/1997/97-23/97-23.zip,SHRIMP Logsheet,http://hdl.handle.net/10273/XXAB000AW,EMD-10
1997,97-31,1,1,0,0,1,1,http://ddfe.curtin.edu.au/gswa-library/mcnaughton/data/1997/97-31,http://ddfe.curtin.edu.au/gswa-library/mcnaughton/data/1997/97-31/97-31.zip,SHRIMP Logsheet,http://hdl.handle.net/10273/XXAB001XA,SD-6
1997,97-32,1,1,0,0,1,0,http://ddfe.curtin.edu.au/gswa-library/mcnaughton/data/1997/97-32,http://ddfe.curtin.edu.au/gswa-library/mcnaughton/data/1997/97-32/97-32.zip,SHRIMP Logsheet,http://hdl.handle.net/10273/XXAB001XC,J3
1997,97-33,1,1,0,0,1,1,http://ddfe.curtin.edu.au/gswa-library/mcnaughton/data/1997/97-33,http://ddfe.curtin.edu.au/gswa-library/mcnaughton/data/1997/97-33/97-33.zip,SHRIMP Logsheet,http://hdl.handle.net/10273/XXAB000BD,J2
1997,97-49,1,1,0,0,1,1,http://ddfe.curtin.edu.au/gswa-library/mcnaughton/data/1997/97-49,http://ddfe.curtin.edu.au/gswa-library/mcnaughton/data/1997/97-49/97-49.zip,SHRIMP Logsheet,http://hdl.handle.net/10273/XXAB000C9,9796 9245
1998,98-05,1,1,0,0,0,1,http://ddfe.curtin.edu.au/gswa-library/mcnaughton/data/1998/98-05,http://ddfe.curtin.edu.au/gswa-library/mcnaughton/data/1998/98-05/98-05.zip,,http://hdl.handle.net/10273/XXAB000CR,9796 9256B
1998,98-100,1,1,0,0,1,1,http://ddfe.curtin.edu.au/gswa-library/mcnaughton/data/1998/98-100,http://ddfe.curtin.edu.au/gswa-library/mcnaughton/data/1998/98-100/98-100.zip,SHRIMP Logsheet,http://hdl.handle.net/10273/XXAB000D7,E203
1998,98-16,1,1,0,0,1,0,http://ddfe.curtin.edu.au/gswa-library/mcnaughton/data/1998/98-16,http://ddfe.curtin.edu.au/gswa-library/mcnaughton/data/1998/98-16/98-16.zip,SHRIMP Logsheet,,XTC
1998,98-29,1,1,0,0,1,1,http://ddfe.curtin.edu.au/gswa-library/mcnaughton/data/1998/98-29,http://ddfe.curtin.edu.au/gswa-library/mcnaughton/data/1998/98-29/98-29.zip,"SHRIMP Logsheet, Notebook Sketch",http://hdl.handle.net/10273/XXAB000E8,U919/1
1998,98-44,1,1,0,0,0,1,http://ddfe.curtin.edu.au/gswa-library/mcnaughton/data/1998/98-44,http://ddfe.curtin.edu.au/gswa-library/mcnaughton/data/1998/98-44/98-44.zip,,http://hdl.handle.net/10273/XXAB001XX,XTC
1998,98-60,1,1,0,0,0,0,http://ddfe.curtin.edu.au/gswa-library/mcnaughton/data/1998/98-60,http://ddfe.curtin.edu.au/gswa-library/mcnaughton/data/1998/98-60/98-60.zip,,http://hdl.handle.net/10273/XXAB001Y3,XTC
1998,98-71,1,1,0,0,1,1,http://ddfe.curtin.edu.au/gswa-library/mcnaughton/data/1998/98-71,http://ddfe.curtin.edu.au/gswa-library/mcnaughton/data/1998/98-71/98-71.zip,"SHRIMP Logsheet, Notebook Sketch",http://hdl.handle.net/10273/XXAB000FL,DYKE 2 240/4
1998,98-74,1,1,0,0,0,1,http://ddfe.curtin.edu.au/gswa-library/mcnaughton/data/1998/98-74,http://ddfe.curtin.edu.au/gswa-library/mcnaughton/data/1998/98-74/98-74.zip,,http://hdl.handle.net/10273/XXAB000FS,9796 7152
1998,98-82,1,1,0,0,0,0,http://ddfe.curtin.edu.au/gswa-library/mcnaughton/data/1998/98-82,http://ddfe.curtin.edu.au/gswa-library/mcnaughton/data/1998/98-82/98-82.zip,,http://hdl.handle.net/10273/XXAB001YC,XTC
1998,98-84,1,1,0,0,1,1,http://ddfe.curtin.edu.au/gswa-library/mcnaughton/data/1998/98-84,http://ddfe.curtin.edu.au/gswa-library/mcnaughton/data/1998/98-84/98-84.zip,"SHRIMP Logsheet, Notebook Sketch",http://hdl.handle.net/10273/XXAB000G4,9796 9256B
1999,99-08,1,1,0,0,1,1,http://ddfe.curtin.edu.au/gswa-library/mcnaughton/data/1999/99-08,http://ddfe.curtin.edu.au/gswa-library/mcnaughton/data/1999/99-08/99-08.zip,"SHRIMP Logsheet, Notebook Sketch",http://hdl.handle.net/10273/XXAB000H2,9896 7001A
1999,99-14,1,1,0,0,1,1,http://ddfe.curtin.edu.au/gswa-library/mcnaughton/data/1999/99-14,http://ddfe.curtin.edu.au/gswa-library/mcnaughton/data/1999/99-14/99-14.zip,"SHRIMP Logsheet, Notebook Sketch",http://hdl.handle.net/10273/XXAB000HL,9896 7102E
1999,99-53,1,1,0,0,1,1,http://ddfe.curtin.edu.au/gswa-library/mcnaughton/data/1999/99-53,http://ddfe.curtin.edu.au/gswa-library/mcnaughton/data/1999/99-53/99-53.zip,SHRIMP Logsheet,http://hdl.handle.net/10273/XXAB000JU,E265
1999,99-55,1,1,0,0,1,1,http://ddfe.curtin.edu.au/gswa-library/mcnaughton/data/1999/99-55,http://ddfe.curtin.edu.au/gswa-library/mcnaughton/data/1999/99-55/99-55.zip,SHRIMP Logsheet,http://hdl.handle.net/10273/XXAB001YQ,SDD 303
1999,99-70,1,1,0,0,1,1,http://ddfe.curtin.edu.au/gswa-library/mcnaughton/data/1999/99-70,http://ddfe.curtin.edu.au/gswa-library/mcnaughton/data/1999/99-70/99-70.zip,"SHRIMP Logsheet, Notebook Sketch",http://hdl.handle.net/10273/XXAB001Z1,MW-2
1999,99-71,1,1,0,0,1,1,http://ddfe.curtin.edu.au/gswa-library/mcnaughton/data/1999/99-71,http://ddfe.curtin.edu.au/gswa-library/mcnaughton/data/1999/99-71/99-71.zip,"SHRIMP Logsheet, Notebook Sketch",http://hdl.handle.net/10273/XXAB000KO,9996-4003
1999,99-82,1,1,0,0,1,1,http://ddfe.curtin.edu.au/gswa-library/mcnaughton/data/1999/99-82,http://ddfe.curtin.edu.au/gswa-library/mcnaughton/data/1999/99-82/99-82.zip,"SHRIMP Logsheet, Notebook Sketch",http://hdl.handle.net/10273/XXAB000L0,AGC848
2000,A-30,1,1,0,0,1,1,http://ddfe.curtin.edu.au/gswa-library/mcnaughton/data/2000/A-30,http://ddfe.curtin.edu.au/gswa-library/mcnaughton/data/2000/A-30/A-30.zip,"SHRIMP Logsheet, Notebook Sketch",http://hdl.handle.net/10273/XXAB000MU,SR-01
2000,A-37,1,1,0,0,1,1,http://ddfe.curtin.edu.au/gswa-library/mcnaughton/data/2000/A-37,http://ddfe.curtin.edu.au/gswa-library/mcnaughton/data/2000/A-37/A-37.zip,"SHRIMP Logsheet, Notebook Sketch",http://hdl.handle.net/10273/XXAB000NL,TR-01
2000,A-39,1,1,0,0,1,1,http://ddfe.curtin.edu.au/gswa-library/mcnaughton/data/2000/A-39,http://ddfe.curtin.edu.au/gswa-library/mcnaughton/data/2000/A-39/A-39.zip,"SHRIMP Logsheet, Notebook Sketch",http://hdl.handle.net/10273/XXAB000NS,TR-02
2001,B-12,1,1,0,0,1,1,http://ddfe.curtin.edu.au/gswa-library/mcnaughton/data/2001/B-12,http://ddfe.curtin.edu.au/gswa-library/mcnaughton/data/2001/B-12/B-12.zip,"SHRIMP Logsheet, Notebook Sketch",http://hdl.handle.net/10273/XXAB000Q9,E374
2001,B-13,1,1,0,0,1,1,http://ddfe.curtin.edu.au/gswa-library/mcnaughton/data/2001/B-13,http://ddfe.curtin.edu.au/gswa-library/mcnaughton/data/2001/B-13/B-13.zip,"SHRIMP Logsheet, Notebook Sketch",http://hdl.handle.net/10273/XXAB000QC; http://hdl.handle.net/10273/XXAB000QD,E375
2001,B-60,1,1,0,0,1,1,http://ddfe.curtin.edu.au/gswa-library/mcnaughton/data/2001/B-60,http://ddfe.curtin.edu.au/gswa-library/mcnaughton/data/2001/B-60/B-60.zip,"SHRIMP Logsheet, Notebook Sketch",http://hdl.handle.net/10273/XXAB000T6,YILGANGIE
2002,C-100,1,1,0,0,1,1,http://ddfe.curtin.edu.au/gswa-library/mcnaughton/data/2002/C-100,http://ddfe.curtin.edu.au/gswa-library/mcnaughton/data/2002/C-100/C-100.zip,SHRIMP Logsheet,http://hdl.handle.net/10273/XXAB000V7,BWRCD 618 378.7
2002,C-111,1,1,0,0,1,0,http://ddfe.curtin.edu.au/gswa-library/mcnaughton/data/2002/C-111,http://ddfe.curtin.edu.au/gswa-library/mcnaughton/data/2002/C-111/C-111.zip,"SHRIMP Logsheet, Notebook Sketch",http://hdl.handle.net/10273/XXAB00231,E416
2002,C-16,1,1,0,0,1,1,http://ddfe.curtin.edu.au/gswa-library/mcnaughton/data/2002/C-16,http://ddfe.curtin.edu.au/gswa-library/mcnaughton/data/2002/C-16/C-16.zip,SHRIMP Logsheet,http://hdl.handle.net/10273/XXAB000WW,E396
2002,C-33,1,1,0,0,1,1,http://ddfe.curtin.edu.au/gswa-library/mcnaughton/data/2002/C-33,http://ddfe.curtin.edu.au/gswa-library/mcnaughton/data/2002/C-33/C-33.zip,"SHRIMP Logsheet, Notebook Sketch",http://hdl.handle.net/10273/XXAB000Y4,E401
2002,C-48,1,1,0,0,1,1,http://ddfe.curtin.edu.au/gswa-library/mcnaughton/data/2002/C-48,http://ddfe.curtin.edu.au/gswa-library/mcnaughton/data/2002/C-48/C-48.zip,"SHRIMP Logsheet, Notebook Sketch",http://hdl.handle.net/10273/XXAB000YM,E400
2002,C-69,1,1,0,0,1,1,http://ddfe.curtin.edu.au/gswa-library/mcnaughton/data/2002/C-69,http://ddfe.curtin.edu.au/gswa-library/mcnaughton/data/2002/C-69/C-69.zip,SHRIMP Logsheet,http://hdl.handle.net/10273/XXAB000YQ,PAR-12 HANDPICKED#
2002,C-71,1,1,0,0,1,1,http://ddfe.curtin.edu.au/gswa-library/mcnaughton/data/2002/C-71,http://ddfe.curtin.edu.au/gswa-library/mcnaughton/data/2002/C-71/C-71.zip,SHRIMP Logsheet,http://hdl.handle.net/10273/XXAB000YV,E410
2004,04-139,1,1,0,0,1,1,http://ddfe.curtin.edu.au/gswa-library/mcnaughton/data/2004/04-139,http://ddfe.curtin.edu.au/gswa-library/mcnaughton/data/2004/04-139/04-139.zip,"SHRIMP Logsheet, Notebook Sketch",http://hdl.handle.net/10273/XXAB001BF,E525
2004,04-141,1,1,0,0,1,1,http://ddfe.curtin.edu.au/gswa-library/mcnaughton/data/2004/04-141,http://ddfe.curtin.edu.au/gswa-library/mcnaughton/data/2004/04-141/04-141.zip,"SHRIMP Logsheet, Notebook Sketch",http://hdl.handle.net/10273/XXAB001BH,GWALIA SLATE
2006,06-65,1,1,0,0,1,1,http://ddfe.curtin.edu.au/gswa-library/mcnaughton/data/2006/06-65,http://ddfe.curtin.edu.au/gswa-library/mcnaughton/data/2006/06-65/06-65.zip,"SHRIMP Logsheet, Notebook Sketch",http://hdl.handle.net/10273/XXAB001LI,FB-12
2006,06-66,1,1,0,0,1,1,http://ddfe.curtin.edu.au/gswa-library/mcnaughton/data/2006/06-66,http://ddfe.curtin.edu.au/gswa-library/mcnaughton/data/2006/06-66/06-66.zip,"SHRIMP Logsheet, Notebook Sketch",http://hdl.handle.net/10273/XXAB001LK,SDA
2008,08-14,1,1,0,0,1,1,http://ddfe.curtin.edu.au/gswa-library/mcnaughton/data/2008/08-14,http://ddfe.curtin.edu.au/gswa-library/mcnaughton/data/2008/08-14/08-14.zip,"SHRIMP Logsheet, Notebook Sketch",http://hdl.handle.net/10273/XXAB001MQ,A1PGM
2008,08-15,1,1,0,0,1,1,http://ddfe.curtin.edu.au/gswa-library/mcnaughton/data/2008/08-15,http://ddfe.curtin.edu.au/gswa-library/mcnaughton/data/2008/08-15/08-15.zip,"SHRIMP Logsheet, Notebook Sketch",http://hdl.handle.net/10273/XXAB001MS,A1 PGM
2008,08-18,1,1,0,0,1,1,http://ddfe.curtin.edu.au/gswa-library/mcnaughton/data/2008/08-18,http://ddfe.curtin.edu.au/gswa-library/mcnaughton/data/2008/08-18/08-18.zip,"SHRIMP Logsheet, Notebook Sketch",http://hdl.handle.net/10273/XXAB001MU,A12F
2008,08-25,1,1,0,0,0,0,http://ddfe.curtin.edu.au/gswa-library/mcnaughton/data/2008/08-25,http://ddfe.curtin.edu.au/gswa-library/mcnaughton/data/2008/08-25/08-25.zip,,http://hdl.handle.net/10273/XXAB001MW,TPD 305 360.5-361.5M
2009,09-10,1,1,0,0,1,1,http://ddfe.curtin.edu.au/gswa-library/mcnaughton/data/2009/09-10,http://ddfe.curtin.edu.au/gswa-library/mcnaughton/data/2009/09-10/09-10.zip,SHRIMP Logsheet,http://hdl.handle.net/10273/XXAB001N4,TM02 (MD20)
2009,09-11,1,1,0,0,1,1,http://ddfe.curtin.edu.au/gswa-library/mcnaughton/data/2009/09-11,http://ddfe.curtin.edu.au/gswa-library/mcnaughton/data/2009/09-11/09-11.zip,SHRIMP Logsheet,http://hdl.handle.net/10273/XXAB001N6,TM02 (MD21)
2009,09-12,1,1,0,0,1,1,http://ddfe.curtin.edu.au/gswa-library/mcnaughton/data/2009/09-12,http://ddfe.curtin.edu.au/gswa-library/mcnaughton/data/2009/09-12/09-12.zip,SHRIMP Logsheet,http://hdl.handle.net/10273/XXAB001N8,TM01 (MD22)
2009,09-13,1,1,0,0,1,1,http://ddfe.curtin.edu.au/gswa-library/mcnaughton/data/2009/09-13,http://ddfe.curtin.edu.au/gswa-library/mcnaughton/data/2009/09-13/09-13.zip,SHRIMP Logsheet,http://hdl.handle.net/10273/XXAB001NA,TM01 (MD23)
2009,09-15,1,1,0,0,1,1,http://ddfe.curtin.edu.au/gswa-library/mcnaughton/data/2009/09-15,http://ddfe.curtin.edu.au/gswa-library/mcnaughton/data/2009/09-15/09-15.zip,SHRIMP Logsheet,,MD3
2019,19-07,12,0,0,12,0,12,http://ddfe.curtin.edu.au/gswa-library/mcnaughton/data/2019/19-07,http://ddfe.curtin.edu.au/gswa-library/mcnaughton/data/2019/19-07/19-07.zip,,http://hdl.handle.net/10273/XXAB001U2; http://hdl.handle.net/10273/XXAB001U3; http://hdl.handle.net/10273/XXAB001U4; http://hdl.handle.net/10273/XXAB001U5; http://hdl.handle.net/10273/XXAB001U6,B41A-21; B41A-22; B41A-23; B41A-24; B41A-25; B41B-26; B41B-27; B41B-28
2019,19-08,12,0,0,12,0,12,http://ddfe.curtin.edu.au/gswa-library/mcnaughton/data/2019/19-08,http://ddfe.curtin.edu.au/gswa-library/mcnaughton/data/2019/19-08/19-08.zip,,http://hdl.handle.net/10273/XXAB001UF; http://hdl.handle.net/10273/XXAB001UG; http://hdl.handle.net/10273/XXAB001UH; http://hdl.handle.net/10273/XXAB001UI; http://hdl.handle.net/10273/XXAB001UJ,B41B-33; B41C-34; B41C-35; B41C-36; B41C-37; B41C-38; B41C-39; B41C-40
2019,19-10,10,0,0,10,0,10,http://ddfe.curtin.edu.au/gswa-library/mcnaughton/data/2019/19-10,http://ddfe.curtin.edu.au/gswa-library/mcnaughton/data/2019/19-10/19-10.zip,,http://hdl.handle.net/10273/XXAB001V1; http://hdl.handle.net/10273/XXAB001V2; http://hdl.handle.net/10273/XXAB001V3; http://hdl.handle.net/10273/XXAB001V4; http://hdl.handle.net/10273/XXAB001V5,B38C-10; B38C-11; B38C-12; B38C-13; B38C-9; B38D-14; B38D-15; B38D-16
2019,19-09,8,0,0,8,0,8,http://ddfe.curtin.edu.au/gswa-library/mcnaughton/data/2019/19-09,http://ddfe.curtin.edu.au/gswa-library/mcnaughton/data/2019/19-09/19-09.zip,,http://hdl.handle.net/10273/XXAB001US; http://hdl.handle.net/10273/XXAB001UT; http://hdl.handle.net/10273/XXAB001UU; http://hdl.handle.net/10273/XXAB001UV; http://hdl.handle.net/10273/XXAB001UW,B38A-1; B38A-2; B38A-3; B38A-4; B38A-5; B38B-6; B38B-7; B38B-8
1994,94-12,4,0,0,4,0,4,http://ddfe.curtin.edu.au/gswa-library/mcnaughton/data/1994/94-12,http://ddfe.curtin.edu.au/gswa-library/mcnaughton/data/1994/94-12/94-12.zip,,http://hdl.handle.net/10273/XXAB0000M; http://hdl.handle.net/10273/XXAB0000N; http://hdl.handle.net/10273/XXAB0000O; http://hdl.handle.net/10273/XXAB0000P,173/40-41; 8400-5/60-65; KI/80; KI/84
2017,17-22,4,0,0,4,0,4,http://ddfe.curtin.edu.au/gswa-library/mcnaughton/data/2017/17-22,http://ddfe.curtin.edu.au/gswa-library/mcnaughton/data/2017/17-22/17-22.zip,,http://hdl.handle.net/10273/XXAB001SB; http://hdl.handle.net/10273/XXAB001SC; http://hdl.handle.net/10273/XXAB001SD; http://hdl.handle.net/10273/XXAB001SE,396390; 396392; 396393; 396394
2017,17-23,4,0,0,4,0,4,http://ddfe.curtin.edu.au/gswa-library/mcnaughton/data/2017/17-23,http://ddfe.curtin.edu.au/gswa-library/mcnaughton/data/2017/17-23/17-23.zip,,http://hdl.handle.net/10273/XXAB001SG; http://hdl.handle.net/10273/XXAB001SH; http://hdl.handle.net/10273/XXAB001SI; http://hdl.handle.net/10273/XXAB001SJ,396391; 396395; 396396; 396397
1995,95-08,3,0,0,3,0,3,http://ddfe.curtin.edu.au/gswa-library/mcnaughton/data/1995/95-08,http://ddfe.curtin.edu.au/gswa-library/mcnaughton/data/1995/95-08/95-08.zip,,http://hdl.handle.net/10273/XXAB0002F; http://hdl.handle.net/10273/XXAB0002G; http://hdl.handle.net/10273/XXAB0002H,JBS33; JS20; JS44
1995,95-09,3,0,0,3,0,3,http://ddfe.curtin.edu.au/gswa-library/mcnaughton/data/1995/95-09,http://ddfe.curtin.edu.au/gswa-library/mcnaughton/data/1995/95-09/95-09.zip,,http://hdl.handle.net/10273/XXAB0002J; http://hdl.handle.net/10273/XXAB0002K; http://hdl.handle.net/10273/XXAB0002L,YQ19; YQ22; YQ6
1995,95-10,3,0,0,3,0,3,http://ddfe.curtin.edu.au/gswa-library/mcnaughton/data/1995/95-10,http://ddfe.curtin.edu.au/gswa-library/mcnaughton/data/1995/95-10/95-10.zip,SHRIMP Logsheet,http://hdl.handle.net/10273/XXAB0002N; http://hdl.handle.net/10273/XXAB0002O; http://hdl.handle.net/10273/XXAB0002P,YQ13; YQ14; YQ21
1999,99-47,3,0,0,3,0,0,http://ddfe.curtin.edu.au/gswa-library/mcnaughton/data/1999/99-47,http://ddfe.curtin.edu.au/gswa-library/mcnaughton/data/1999/99-47/99-47.zip,,http://hdl.handle.net/10273/XXAB001YM; http://hdl.handle.net/10273/XXAB001YN; http://hdl.handle.net/10273/XXAB001YO,CD319 716 SMB; STEERE R. PICKED; STEERE R. RANDOM
2001,01-41,3,0,0,3,0,0,http://ddfe.curtin.edu.au/gswa-library/mcnaughton/data/2001/01-41,http://ddfe.curtin.edu.au/gswa-library/mcnaughton/data/2001/01-41/01-41.zip,,http://hdl.handle.net/10273/XXAB000PG; http://hdl.handle.net/10273/XXAB000PH; http://hdl.handle.net/10273/XXAB000PJ,AMY; W127; W172
2011,11-21,3,0,0,3,0,3,http://ddfe.curtin.edu.au/gswa-library/mcnaughton/data/2011/11-21,http://ddfe.curtin.edu.au/gswa-library/mcnaughton/data/2011/11-21/11-21.zip,SHRIMP Logsheet,http://hdl.handle.net/10273/XXAB001O6,HB08-5; HB08-6; HB08-8A (NM)
2012,12-21,3,0,0,3,0,3,http://ddfe.curtin.edu.au/gswa-library/mcnaughton/data/2012/12-21,http://ddfe.curtin.edu.au/gswa-library/mcnaughton/data/2012/12-21/12-21.zip,,http://hdl.handle.net/10273/XXAB001P5,HB08-5; HB08-6; HB08-8A
2017,17-02,3,0,0,3,0,3,http://ddfe.curtin.edu.au/gswa-library/mcnaughton/data/2017/17-02,http://ddfe.curtin.edu.au/gswa-library/mcnaughton/data/2017/17-02/17-02.zip,,http://hdl.handle.net/10273/XXAB001R8; http://hdl.handle.net/10273/XXAB001R9; http://hdl.handle.net/10273/XXAB001RA,DI-1; GG-1; GG-2
2018,18-06,3,0,0,3,0,3,http://ddfe.curtin.edu.au/gswa-library/mcnaughton/data/2018/18-06,http://ddfe.curtin.edu.au/gswa-library/mcnaughton/data/2018/18-06/18-06.zip,,http://hdl.handle.net/10273/XXAB001TH; http://hdl.handle.net/10273/XXAB001TI; http://hdl.handle.net/10273/XXAB001TJ,JG01; JG02; JG03
1994,94-16,2,0,0,2,0,2,http://ddfe.curtin.edu.au/gswa-library/mcnaughton/data/1994/94-16,http://ddfe.curtin.edu.au/gswa-library/mcnaughton/data/1994/94-16/94-16.zip,,http://hdl.handle.net/10273/XXAB0000X; http://hdl.handle.net/10273/XXAB0000Y,BM01; CALOOLI
1995,95-39,2,0,0,2,0,2,http://ddfe.curtin.edu.au/gswa-library/mcnaughton/data/1995/95-39,http://ddfe.curtin.edu.au/gswa-library/mcnaughton/data/1995/95-39/95-39.zip,,http://hdl.handle.net/10273/XXAB0004S; http://hdl.handle.net/10273/XXAB0004T,YQ13; YQ14
1995,95-40,2,0,0,2,0,2,http://ddfe.curtin.edu.au/gswa-library/mcnaughton/data/1995/95-40,http://ddfe.curtin.edu.au/gswa-library/mcnaughton/data/1995/95-40/95-40.zip,,http://hdl.handle.net/10273/XXAB0004V; http://hdl.handle.net/10273/XXAB0004W,95YQ-GF; YQ10
1996,96-59,2,0,0,2,0,2,http://ddfe.curtin.edu.au/gswa-library/mcnaughton/data/1996/96-59,http://ddfe.curtin.edu.au/gswa-library/mcnaughton/data/1996/96-59/96-59.zip,,http://hdl.handle.net/10273/XXAB0008A; http://hdl.handle.net/10273/XXAB0008B,FORTRESS HILL; JUPITER
1997,97-04,2,0,0,2,0,2,http://ddfe.curtin.edu.au/gswa-library/mcnaughton/data/1997/97-04,http://ddfe.curtin.edu.au/gswa-library/mcnaughton/data/1997/97-04/97-04.zip,,http://hdl.handle.net/10273/XXAB0009O; http://hdl.handle.net/10273/XXAB0009P; http://hdl.handle.net/10273/XXAB0009Q,JUNDEE; P1
1997,97-12,2,0,0,2,0,2,http://ddfe.curtin.edu.au/gswa-library/mcnaughton/data/1997/97-12,http://ddfe.curtin.edu.au/gswa-library/mcnaughton/data/1997/97-12/97-12.zip,,http://hdl.handle.net/10273/XXAB000A2; http://hdl.handle.net/10273/XXAB000A3,KU-1; MQ
2001,B-31,2,0,0,2,0,2,http://ddfe.curtin.edu.au/gswa-library/mcnaughton/data/2001/B-31,http://ddfe.curtin.edu.au/gswa-library/mcnaughton/data/2001/B-31/B-31.zip,,http://hdl.handle.net/10273/XXAB000RB; http://hdl.handle.net/10273/XXAB000RC,KU-5; PD-2
2001,B-50,2,0,0,2,0,2,http://ddfe.curtin.edu.au/gswa-library/mcnaughton/data/2001/B-50,http://ddfe.curtin.edu.au/gswa-library/mcnaughton/data/2001/B-50/B-50.zip,,http://hdl.handle.net/10273/XXAB000SY; http://hdl.handle.net/10273/XXAB000SZ,17580N 1; 17580N 2
2001,B-67,2,0,0,2,0,0,http://ddfe.curtin.edu.au/gswa-library/mcnaughton/data/2001/B-67,http://ddfe.curtin.edu.au/gswa-library/mcnaughton/data/2001/B-67/B-67.zip,,http://hdl.handle.net/10273/XXAB00221; http://hdl.handle.net/10273/XXAB00222,17580N; 17580N MAG III
2001,B-90,2,0,0,2,0,0,http://ddfe.curtin.edu.au/gswa-library/mcnaughton/data/2001/B-90,http://ddfe.curtin.edu.au/gswa-library/mcnaughton/data/2001/B-90/B-90.zip,,http://hdl.handle.net/10273/XXAB00224; http://hdl.handle.net/10273/XXAB00225,WB 107P; WW 108
2001,B-91,2,0,2,0,2,2,http://ddfe.curtin.edu.au/gswa-library/mcnaughton/data/2001/B-91,http://ddfe.curtin.edu.au/gswa-library/mcnaughton/data/2001/B-91/B-91.zip,SHRIMP Log information,http://hdl.handle.net/10273/XXAB000UV; http://hdl.handle.net/10273/XXAB000UW,E387; E392
2001,B-92,2,0,2,0,2,2,http://ddfe.curtin.edu.au/gswa-library/mcnaughton/data/2001/B-92,http://ddfe.curtin.edu.au/gswa-library/mcnaughton/data/2001/B-92/B-92.zip,SHRIMP Log information,http://hdl.handle.net/10273/XXAB000UZ,BWRCD 2145; BWRCD 2726B
2005,05-02,2,0,0,2,0,2,http://ddfe.curtin.edu.au/gswa-library/mcnaughton/data/2005/05-02,http://ddfe.curtin.edu.au/gswa-library/mcnaughton/data/2005/05-02/05-02.zip,,http://hdl.handle.net/10273/XXAB001GE; http://hdl.handle.net/10273/XXAB001GF,METQTZ1; TUQZ3
2005,05-20,2,0,0,2,0,2,http://ddfe.curtin.edu.au/gswa-library/mcnaughton/data/2005/05-20,http://ddfe.curtin.edu.au/gswa-library/mcnaughton/data/2005/05-20/05-20.zip,,http://hdl.handle.net/10273/XXAB001HI; http://hdl.handle.net/10273/XXAB001HJ,3CBS; HORSE 01
2006,06-58,2,0,2,0,2,2,http://ddfe.curtin.edu.au/gswa-library/mcnaughton/data/2006/06-58,http://ddfe.curtin.edu.au/gswa-library/mcnaughton/data/2006/06-58/06-58.zip,Notebook Sketch,http://hdl.handle.net/10273/XXAB001L3; http://hdl.handle.net/10273/XXAB001L4,FB-01 FINER; FB-10 FINER
2018,18-15,2,0,0,2,0,2,http://ddfe.curtin.edu.au/gswa-library/mcnaughton/data/2018/18-15,http://ddfe.curtin.edu.au/gswa-library/mcnaughton/data/2018/18-15/18-15.zip,,http://hdl.handle.net/10273/XXAB001TX; http://hdl.handle.net/10273/XXAB001TY,78; B 137
1994,94-11,1,0,1,0,1,1,http://ddfe.curtin.edu.au/gswa-library/mcnaughton/data/1994/94-11,http://ddfe.curtin.edu.au/gswa-library/mcnaughton/data/1994/94-11/94-11.zip,Notebook Sketch,http://hdl.handle.net/10273/XXAB0000I,RM1
1994,94-14,1,0,0,1,0,1,http://ddfe.curtin.edu.au/gswa-library/mcnaughton/data/1994/94-14,http://ddfe.curtin.edu.au/gswa-library/mcnaughton/data/1994/94-14/94-14.zip,,http://hdl.handle.net/10273/XXAB0000T,236
1994,94-15,1,0,0,1,0,1,http://ddfe.curtin.edu.au/gswa-library/mcnaughton/data/1994/94-15,http://ddfe.curtin.edu.au/gswa-library/mcnaughton/data/1994/94-15/94-15.zip,,http://hdl.handle.net/10273/XXAB0000V,239
1994,94-31,1,0,0,1,0,0,http://ddfe.curtin.edu.au/gswa-library/mcnaughton/data/1994/94-31,http://ddfe.curtin.edu.au/gswa-library/mcnaughton/data/1994/94-31/94-31.zip,,http://hdl.handle.net/10273/XXAB001VT,113982
1994,94-32,1,0,1,0,1,0,http://ddfe.curtin.edu.au/gswa-library/mcnaughton/data/1994/94-32,http://ddfe.curtin.edu.au/gswa-library/mcnaughton/data/1994/94-32/94-32.zip,Notebook Sketch,http://hdl.handle.net/10273/XXAB0001Y,RR018
1994,94-33,1,0,1,0,1,0,http://ddfe.curtin.edu.au/gswa-library/mcnaughton/data/1994/94-33,http://ddfe.curtin.edu.au/gswa-library/mcnaughton/data/1994/94-33/94-33.zip,Notebook Sketch,http://hdl.handle.net/10273/XXAB001VV,KWAD11
1995,95-35,1,0,0,1,0,1,http://ddfe.curtin.edu.au/gswa-library/mcnaughton/data/1995/95-35,http://ddfe.curtin.edu.au/gswa-library/mcnaughton/data/1995/95-35/95-35.zip,,http://hdl.handle.net/10273/XXAB0004G,D2158538
1996,96-37,1,0,0,1,0,1,http://ddfe.curtin.edu.au/gswa-library/mcnaughton/data/1996/96-37,http://ddfe.curtin.edu.au/gswa-library/mcnaughton/data/1996/96-37/96-37.zip,,http://hdl.handle.net/10273/XXAB00078,E74/E75
1997,97-17,1,0,0,1,0,1,http://ddfe.curtin.edu.au/gswa-library/mcnaughton/data/1997/97-17,http://ddfe.curtin.edu.au/gswa-library/mcnaughton/data/1997/97-17/97-17.zip,,http://hdl.handle.net/10273/XXAB000AA,E179
1998,98-08,1,0,0,1,0,1,http://ddfe.curtin.edu.au/gswa-library/mcnaughton/data/1998/98-08,http://ddfe.curtin.edu.au/gswa-library/mcnaughton/data/1998/98-08/98-08.zip,,http://hdl.handle.net/10273/XXAB000CZ,294826/6
1998,98-09,1,0,0,1,0,1,http://ddfe.curtin.edu.au/gswa-library/mcnaughton/data/1998/98-09,http://ddfe.curtin.edu.au/gswa-library/mcnaughton/data/1998/98-09/98-09.zip,,http://hdl.handle.net/10273/XXAB000D2,BOOLALOO GR.
1998,98-33,1,0,0,1,0,0,http://ddfe.curtin.edu.au/gswa-library/mcnaughton/data/1998/98-33,http://ddfe.curtin.edu.au/gswa-library/mcnaughton/data/1998/98-33/98-33.zip,,http://hdl.handle.net/10273/XXAB001XR,BP-1
1998,98-36,1,0,0,1,0,0,http://ddfe.curtin.edu.au/gswa-library/mcnaughton/data/1998/98-36,http://ddfe.curtin.edu.au/gswa-library/mcnaughton/data/1998/98-36/98-36.zip,,http://hdl.handle.net/10273/XXAB001XV,BP-1 II
1998,98-54,1,0,0,1,0,0,http://ddfe.curtin.edu.au/gswa-library/mcnaughton/data/1998/98-54,http://ddfe.curtin.edu.au/gswa-library/mcnaughton/data/1998/98-54/98-54.zip,,,BODD-7
1998,98-61,1,0,1,0,1,1,http://ddfe.curtin.edu.au/gswa-library/mcnaughton/data/1998/98-61,http://ddfe.curtin.edu.au/gswa-library/mcnaughton/data/1998/98-61/98-61.zip,Notebook Sketch,,BODD-8
1998,98-80,1,0,1,0,1,1,http://ddfe.curtin.edu.au/gswa-library/mcnaughton/data/1998/98-80,http://ddfe.curtin.edu.au/gswa-library/mcnaughton/data/1998/98-80/98-80.zip,Notebook Sketch,http://hdl.handle.net/10273/XXAB000G2,98/9 25E
1998,98-85,1,0,0,1,0,1,http://ddfe.curtin.edu.au/gswa-library/mcnaughton/data/1998/98-85,http://ddfe.curtin.edu.au/gswa-library/mcnaughton/data/1998/98-85/98-85.zip,,http://hdl.handle.net/10273/XXAB000G9,BP-1
1999,99-12,1,0,1,0,1,1,http://ddfe.curtin.edu.au/gswa-library/mcnaughton/data/1999/99-12,http://ddfe.curtin.edu.au/gswa-library/mcnaughton/data/1999/99-12/99-12.zip,Geological Report,http://hdl.handle.net/10273/XXAB000HG,U514/1A
1999,99-69,1,0,0,1,0,1,http://ddfe.curtin.edu.au/gswa-library/mcnaughton/data/1999/99-69,http://ddfe.curtin.edu.au/gswa-library/mcnaughton/data/1999/99-69/99-69.zip,,http://hdl.handle.net/10273/XXAB000KM,STEERE R.II
1999,99-86,1,0,0,1,0,1,http://ddfe.curtin.edu.au/gswa-library/mcnaughton/data/1999/99-86,http://ddfe.curtin.edu.au/gswa-library/mcnaughton/data/1999/99-86/99-86.zip,,http://hdl.handle.net/10273/XXAB001Z7,STEER R III
2000,A-66,1,0,0,1,0,1,http://ddfe.curtin.edu.au/gswa-library/mcnaughton/data/2000/A-66,http://ddfe.curtin.edu.au/gswa-library/mcnaughton/data/2000/A-66/A-66.zip,,http://hdl.handle.net/10273/XXAB000OJ,E350
2000,A-71,1,0,0,1,0,0,http://ddfe.curtin.edu.au/gswa-library/mcnaughton/data/2000/A-71,http://ddfe.curtin.edu.au/gswa-library/mcnaughton/data/2000/A-71/A-71.zip,,http://hdl.handle.net/10273/XXAB0021I,"BP-1 NONMAG, DIODH"
2000,A-72,1,0,0,1,0,0,http://ddfe.curtin.edu.au/gswa-library/mcnaughton/data/2000/A-72,http://ddfe.curtin.edu.au/gswa-library/mcnaughton/data/2000/A-72/A-72.zip,,http://hdl.handle.net/10273/XXAB0021K,"BP-1 MAG III, DIODH"
2000,A-90,1,0,0,1,0,0,http://ddfe.curtin.edu.au/gswa-library/mcnaughton/data/2000/A-90,http://ddfe.curtin.edu.au/gswa-library/mcnaughton/data/2000/A-90/A-90.zip,,http://hdl.handle.net/10273/XXAB0021V,WG 50 NON-MAG
2001,B-44,1,0,0,1,0,1,http://ddfe.curtin.edu.au/gswa-library/mcnaughton/data/2001/B-44,http://ddfe.curtin.edu.au/gswa-library/mcnaughton/data/2001/B-44/B-44.zip,,http://hdl.handle.net/10273/XXAB000SO,BR-3
2001,B-45,1,0,0,1,0,1,http://ddfe.curtin.edu.au/gswa-library/mcnaughton/data/2001/B-45,http://ddfe.curtin.edu.au/gswa-library/mcnaughton/data/2001/B-45/B-45.zip,,http://hdl.handle.net/10273/XXAB000SQ,BR-2
2001,B-49,1,0,1,0,1,1,http://ddfe.curtin.edu.au/gswa-library/mcnaughton/data/2001/B-49,http://ddfe.curtin.edu.au/gswa-library/mcnaughton/data/2001/B-49/B-49.zip,SHRIMP Log information,http://hdl.handle.net/10273/XXAB000SW,JRDC 8044
2001,B-71,1,0,0,1,0,1,http://ddfe.curtin.edu.au/gswa-library/mcnaughton/data/2001/B-71,http://ddfe.curtin.edu.au/gswa-library/mcnaughton/data/2001/B-71/B-71.zip,,http://hdl.handle.net/10273/XXAB000TJ,17580N
2001,B-80,1,0,1,0,1,1,http://ddfe.curtin.edu.au/gswa-library/mcnaughton/data/2001/B-80,http://ddfe.curtin.edu.au/gswa-library/mcnaughton/data/2001/B-80/B-80.zip,SHRIMP Log information,http://hdl.handle.net/10273/XXAB000U2,E385
2002,C-109,1,0,0,1,0,1,http://ddfe.curtin.edu.au/gswa-library/mcnaughton/data/2002/C-109,http://ddfe.curtin.edu.au/gswa-library/mcnaughton/data/2002/C-109/C-109.zip,,http://hdl.handle.net/10273/XXAB000VW,BR02-7
2002,C-121,1,0,0,1,0,1,http://ddfe.curtin.edu.au/gswa-library/mcnaughton/data/2002/C-121,http://ddfe.curtin.edu.au/gswa-library/mcnaughton/data/2002/C-121/C-121.zip,,http://hdl.handle.net/10273/XXAB000W6,JUPITER
2002,C-75,1,0,0,1,0,0,http://ddfe.curtin.edu.au/gswa-library/mcnaughton/data/2002/C-75,http://ddfe.curtin.edu.au/gswa-library/mcnaughton/data/2002/C-75/C-75.zip,,,JUPITER
2003,03-09,1,0,0,1,0,0,http://ddfe.curtin.edu.au/gswa-library/mcnaughton/data/2003/03-09,http://ddfe.curtin.edu.au/gswa-library/mcnaughton/data/2003/03-09/03-09.zip,,http://hdl.handle.net/10273/XXAB0027S,BR03-3
2003,03-100,1,0,0,1,0,0,http://ddfe.curtin.edu.au/gswa-library/mcnaughton/data/2003/03-100,http://ddfe.curtin.edu.au/gswa-library/mcnaughton/data/2003/03-100/03-100.zip,,,BR03-31
2003,03-34,1,0,0,1,0,0,http://ddfe.curtin.edu.au/gswa-library/mcnaughton/data/2003/03-34,http://ddfe.curtin.edu.au/gswa-library/mcnaughton/data/2003/03-34/03-34.zip,,http://hdl.handle.net/10273/XXAB00292,BR03-20
2004,04-08,1,0,0,1,0,0,http://ddfe.curtin.edu.au/gswa-library/mcnaughton/data/2004/04-08,http://ddfe.curtin.edu.au/gswa-library/mcnaughton/data/2004/04-08/04-08.zip,,http://hdl.handle.net/10273/XXAB002CF; http://hdl.handle.net/10273/XXAB002CH; http://hdl.handle.net/10273/XXAB002CI; http://hdl.handle.net/10273/XXAB002CJ; http://hdl.handle.net/10273/XXAB002CL,MANGANESE GROUP
2004,04-11,1,0,0,1,0,0,http://ddfe.curtin.edu.au/gswa-library/mcnaughton/data/2004/04-11,http://ddfe.curtin.edu.au/gswa-library/mcnaughton/data/2004/04-11/04-11.zip,,http://hdl.handle.net/10273/XXAB002D3; http://hdl.handle.net/10273/XXAB002D5; http://hdl.handle.net/10273/XXAB002D6; http://hdl.handle.net/10273/XXAB002D7; http://hdl.handle.net/10273/XXAB002D8,MANGANESE GROUP
2004,04-12,1,0,0,1,0,0,http://ddfe.curtin.edu.au/gswa-library/mcnaughton/data/2004/04-12,http://ddfe.curtin.edu.au/gswa-library/mcnaughton/data/2004/04-12/04-12.zip,,http://hdl.handle.net/10273/XXAB002DF,MANGANESE GROUP
2005,05-39,1,0,0,1,0,0,http://ddfe.curtin.edu.au/gswa-library/mcnaughton/data/2005/05-39,http://ddfe.curtin.edu.au/gswa-library/mcnaughton/data/2005/05-39/05-39.zip,,http://hdl.handle.net/10273/XXAB001IB; http://hdl.handle.net/10273/XXAB001IC; http://hdl.handle.net/10273/XXAB001ID; http://hdl.handle.net/10273/XXAB001IE; http://hdl.handle.net/10273/XXAB001IF,BR05-15
2005,05-69,1,0,0,1,0,0,http://ddfe.curtin.edu.au/gswa-library/mcnaughton/data/2005/05-69,http://ddfe.curtin.edu.au/gswa-library/mcnaughton/data/2005/05-69/05-69.zip,,http://hdl.handle.net/10273/XXAB001J9,BR05-27
2016,16-21,1,0,0,1,0,0,http://ddfe.curtin.edu.au/gswa-library/mcnaughton/data/2016/16-21,http://ddfe.curtin.edu.au/gswa-library/mcnaughton/data/2016/16-21/16-21.zip,,,60109986
2016,16-22,1,0,0,1,0,0,http://ddfe.curtin.edu.au/gswa-library/mcnaughton/data/2016/16-22,http://ddfe.curtin.edu.au/gswa-library/mcnaughton/data/2016/16-22/16-22.zip,,,60109986
2016,16-24,1,0,0,1,0,0,http://ddfe.curtin.edu.au/gswa-library/mcnaughton/data/2016/16-24,http://ddfe.curtin.edu.au/gswa-library/mcnaughton/data/2016/16-24/16-24.zip,,,65024000
2016,16-43,1,0,0,1,0,1,http://ddfe.curtin.edu.au/gswa-library/mcnaughton/data/2016/16-43,http://ddfe.curtin.edu.au/gswa-library/mcnaughton/data/2016/16-43/16-43.zip,,http://hdl.handle.net/10273/XXAB001QH,DL1
2016,16-44,1,0,0,1,0,1,http://ddfe.curtin.edu.au/gswa-library/mcnaughton/data/2016/16-44,http://ddfe.curtin.edu.au/gswa-library/mcnaughton/data/2016/16-44/16-44.zip,,http://hdl.handle.net/10273/XXAB001QJ,DL2
2016,16-45,1,0,0,1,0,1,http://ddfe.curtin.edu.au/gswa-library/mcnaughton/data/2016/16-45,http://ddfe.curtin.edu.au/gswa-library/mcnaughton/data/2016/16-45/16-45.zip,,http://hdl.handle.net/10273/XXAB001QL,DL3
2016,16-46,1,0,0,1,0,1,http://ddfe.curtin.edu.au/gswa-library/mcnaughton/data/2016/16-46,http://ddfe.curtin.edu.au/gswa-library/mcnaughton/data/2016/16-46/16-46.zip,,http://hdl.handle.net/10273/XXAB001QN,DL4
2017,17-03,1,0,0,1,0,1,http://ddfe.curtin.edu.au/gswa-library/mcnaughton/data/2017/17-03,http://ddfe.curtin.edu.au/gswa-library/mcnaughton/data/2017/17-03/17-03.zip,,http://hdl.handle.net/10273/XXAB001RC,GG-1
2017,17-04,1,0,0,1,0,1,http://ddfe.curtin.edu.au/gswa-library/mcnaughton/data/2017/17-04,http://ddfe.curtin.edu.au/gswa-library/mcnaughton/data/2017/17-04/17-04.zip,,http://hdl.handle.net/10273/XXAB001RE,GG-2
2017,17-08,1,0,0,1,0,1,http://ddfe.curtin.edu.au/gswa-library/mcnaughton/data/2017/17-08,http://ddfe.curtin.edu.au/gswa-library/mcnaughton/data/2017/17-08/17-08.zip,,http://hdl.handle.net/10273/XXAB001RM; http://hdl.handle.net/10273/XXAB001RN,ANORT
2017,17-24,1,0,0,1,0,1,http://ddfe.curtin.edu.au/gswa-library/mcnaughton/data/2017/17-24,http://ddfe.curtin.edu.au/gswa-library/mcnaughton/data/2017/17-24/17-24.zip,,http://hdl.handle.net/10273/XXAB001SL,396396
2017,17-30,1,0,0,1,0,1,http://ddfe.curtin.edu.au/gswa-library/mcnaughton/data/2017/17-30,http://ddfe.curtin.edu.au/gswa-library/mcnaughton/data/2017/17-30/17-30.zip,,http://hdl.handle.net/10273/XXAB001ST,396392
2017,17-31,1,0,0,1,0,1,http://ddfe.curtin.edu.au/gswa-library/mcnaughton/data/2017/17-31,http://ddfe.curtin.edu.au/gswa-library/mcnaughton/data/2017/17-31/17-31.zip,,http://hdl.handle.net/10273/XXAB001SV,396391
