dataset,missing_sample_id,priority,latitude,longitude,analysis_type_hint,site_or_geochronid_hint,originator_hint,reference_hint,nearest_ims_sample_id,nearest_ims_sources,nearest_ims_distance_m,alias_candidate_count,alias_candidate_examples,recommended_next_step
GA Geochronology,W90,MEDIUM,-28.76288252,116.95144744,U-PB,W90,"PIDGEON, R.",,203704,GSWA IMS spots,1460.8,0,,Check nearby IMS samples and reference docs for same site/project.
GA Geochronology,MN38,MEDIUM,-26.53344695,116.36809151,207PB/206PB,1471480,"KINNY, P.",,198644,GSWA IMS spots,1972.5,0,,Check nearby IMS samples and reference docs for same site/project.
GA Geochronology,W8,LOW,-30.89740851,116.63477945,U-PB,W8,"PIDGEON, R.",,205933,GSWA IMS spots,2654.6,0,,Likely absent from current IMS exports; search source report/lab archive.
GA Geochronology,2005670080,LOW,-22.61059630,122.09547958,207PB/206PB,1694722,,THIRTY-TWO ANALYSES WERE MADE OF ZIRCON CORES. TWO OF THESE (7.1 AND 18.1) ARE >10% DISCORDANT AND ARE NOT CONSIDERED FURTHER. TWENTY-THREE ANALYSES WERE MADE OF THE MAIN POPULA...,112102,GSWA IMS spots,2843.6,0,,Likely absent from current IMS exports; search source report/lab archive.
GA Geochronology,2233,LOW,-31.21386953,121.68372051,U-PB,KD14,CSIRO-YILGARN DATA,,230328,GSWA IMS spots,3191.6,0,,Likely absent from current IMS exports; search source report/lab archive.
GA Geochronology,W2,LOW,-30.88160852,116.63527848,U-PB,W2,"PIDGEON, R.",6-JUL-94,205933,GSWA IMS spots,4241.5,0,,Likely absent from current IMS exports; search source report/lab archive.
GA Geochronology,W7,LOW,-30.94630851,116.68537952,U-PB,W7,"PIDGEON, R.",,205933,GSWA IMS spots,4685.1,0,,Likely absent from current IMS exports; search source report/lab archive.
GA Geochronology,W58,LOW,-30.59605875,121.71811966,U-PB,W58,"PIDGEON, R.",,100710,GSWA IMS spots,4763.6,0,,Likely absent from current IMS exports; search source report/lab archive.
GA Geochronology,MN26,LOW,-26.45010696,116.40281132,207PB/206PB,1471479,"KINNY, P.",,198654,GSWA IMS spots,5651.4,0,,Likely absent from current IMS exports; search source report/lab archive.
GA Geochronology,W50,LOW,-27.20892669,117.86503424,U-PB,W50,"PIDGEON, R.",,183975,GSWA IMS spots,6211.8,0,,Likely absent from current IMS exports; search source report/lab archive.
GA Geochronology,W56,LOW,-27.20892669,117.86503424,U-PB,W56,"PIDGEON, R.",6-JUL-94,183975,GSWA IMS spots,6211.8,0,,Likely absent from current IMS exports; search source report/lab archive.
GA Geochronology,W168,LOW,-30.96277425,121.25146131,U-PB,W168,"PIDGEON, R.",,182299,GSWA IMS spots,6304.3,0,,Likely absent from current IMS exports; search source report/lab archive.
GA Geochronology,W6,LOW,-30.88345661,116.70368055,238U/206PB AND 207PB/206PB,1480684,"PIDGEON, R.",,205933,GSWA IMS spots,6456.1,0,,Likely absent from current IMS exports; search source report/lab archive.
GA Geochronology,W81,LOW,-28.86273026,121.40142970,U-PB,W81,"PIDGEON, R.",,97969225A,GA IMS spots,11266.2,0,,Likely absent from current IMS exports; search source report/lab archive.
GA Geochronology,W165,LOW,-30.11281825,119.16812529,U-PB,W165,"PIDGEON, R.",,168961,GSWA IMS spots,11801.5,0,,Likely absent from current IMS exports; search source report/lab archive.
GA Geochronology,87010002,LOW,-34.46543582,118.83486038,238U/206PB AND 207PB/206PB,1471461,"BLACK, L.",,184120,GSWA IMS spots,12063.2,0,,Likely absent from current IMS exports; search source report/lab archive.
GA Geochronology,87010002A,LOW,-34.46543582,118.83486038,238U/206PB AND 207PB/206PB; 207PB/206PB,1486184,,,184120,GSWA IMS spots,12063.2,0,,Likely absent from current IMS exports; search source report/lab archive.
GA Geochronology,W1,LOW,-30.78265651,116.61948054,238U/206PB AND 207PB/206PB,1475236,"PIDGEON, R.",,205933,GSWA IMS spots,15297.1,0,,Likely absent from current IMS exports; search source report/lab archive.
GA Geochronology,W98,LOW,-28.39606263,121.13475766,U-PB,W98,"PIDGEON, R.",,211056,GSWA IMS spots,15460.7,0,,Likely absent from current IMS exports; search source report/lab archive.
GA Geochronology,MN45,LOW,-26.34871690,116.43614105,207PB/206PB,1486190,"KINNY, P.",,105010,GSWA IMS spots,16773.2,0,,Likely absent from current IMS exports; search source report/lab archive.
GA Geochronology,W83,LOW,-28.77939412,121.46809664,U-PB,W83,"PIDGEON, R.",,97969225A,GA IMS spots,18763.0,0,,Likely absent from current IMS exports; search source report/lab archive.
GA Geochronology,87010001,LOW,-34.49876583,118.90153037,206PB/238U,1471460,"BLACK, L.",,184120,GSWA IMS spots,19201.4,0,,Likely absent from current IMS exports; search source report/lab archive.
GA Geochronology,W193,LOW,-30.83781916,119.58479992,U-PB,W193,"PIDGEON, R.",,205912,GSWA IMS spots,32111.3,0,,Likely absent from current IMS exports; search source report/lab archive.
GA Geochronology,W78,LOW,-27.36284968,115.82226463,U-PB,W78,"PIDGEON, R.",,181111,GSWA IMS spots,38450.1,0,,Likely absent from current IMS exports; search source report/lab archive.
GA Geochronology,W116,LOW,-28.12955684,115.61810914,U-PB,W116,"PIDGEON, R.",6-JUL-94,181161,GSWA IMS spots,52475.9,0,,Likely absent from current IMS exports; search source report/lab archive.
GA Geochronology,W140,LOW,-34.76306854,116.08484608,U-PB,W140,"PIDGEON, R.",* ABRADED,198551,GSWA IMS spots,54762.5,0,,Likely absent from current IMS exports; search source report/lab archive.
GA Geochronology,87010008,LOW,-34.68211635,117.96820072,206PB/238U,1471465,"BLACK, L.",,184120,GSWA IMS spots,76086.5,0,,Likely absent from current IMS exports; search source report/lab archive.
GA Geochronology,87010009,LOW,-34.68211635,117.96820072,206PB/238U,1471466,"BLACK, L.",,184120,GSWA IMS spots,76086.5,0,,Likely absent from current IMS exports; search source report/lab archive.
GA Geochronology,W141,LOW,-35.02674049,117.92154489,U-PB,W141,"PIDGEON, R.",* ABRADED,184120,GSWA IMS spots,101103.6,0,,Likely absent from current IMS exports; search source report/lab archive.
GA Geochronology,W139,LOW,-35.01975061,117.86814496,U-PB,W139,"PIDGEON, R.",,184120,GSWA IMS spots,104200.3,0,,Likely absent from current IMS exports; search source report/lab archive.
GA Geochronology,87010010,LOW,-34.83212653,116.78488116,207PB/206PB,1471467,,,229286,GSWA IMS spots,104473.7,0,,Likely absent from current IMS exports; search source report/lab archive.
GSWA Geochronology,178067,HIGH,-28.34728600,119.75070000,U-PB ZIRCON,178067.1,NELSON D.R.,"NELSON, DR 2005, 178067: RECRYSTALLIZED SANDSTONE, FOUR CORNERS BORE; GEOCHRONOLOGY RECORD 594: GEOLOGICAL SURVEY OF WESTERN AUSTRALIA, 5P.",178068,GSWA IMS spots,103.6,0,,Check nearest IMS sample at same locality for rename/suffix differences.
GSWA Geochronology,178060,HIGH,-27.87700600,119.35066000,U-PB ZIRCON,178060.1,NELSON D.R.,"NELSON, DR 2005, 178060: BIOTITE MONZOGRANITE, SANDSTONE; GEOCHRONOLOGY RECORD 587: GEOLOGICAL SURVEY OF WESTERN AUSTRALIA, 4P.",177927,GSWA IMS spots,180.4,0,,Check nearest IMS sample at same locality for rename/suffix differences.
GSWA Geochronology,178062,HIGH,-27.74251600,119.33721000,U-PB ZIRCON,178062.1,NELSON D.R.,"NELSON, DR 2005, 178062: FOLIATED BIOTITE MONZOGRANITE, WIZARD BORE; GEOCHRONOLOGY RECORD 589: GEOLOGICAL SURVEY OF WESTERN AUSTRALIA, 4P.",178061,GSWA IMS spots,318.8,0,,Check nearest IMS sample at same locality for rename/suffix differences.
GSWA Geochronology,195833,HIGH,-25.50542600,121.78063900,U-PB ZIRCON,195833.1,JOHNSON S.P.,"FIELDING, IOH, WINGATE, MTD, FLETCHER, IR, RASMUSSEN, B, ZI, J-W AND JOHNSON, SP 2022, 195833: SANDSTONE, SYDNEY HEADS PASS; GEOCHRONOLOGY RECORD 1863: GEOLOGICAL SURVEY OF WEST...",205570,GSWA IMS spots,452.6,0,,Check nearest IMS sample at same locality for rename/suffix differences.
GSWA Geochronology,165365,MEDIUM,-28.04852600,119.49961000,U-PB ZIRCON,165365.1,CHEN S.F.,"NELSON, DR 2004, 165365: FOLIATED BIOTITE GRANODIORITE, COOMB BORE; GEOCHRONOLOGY RECORD 218: GEOLOGICAL SURVEY OF WESTERN AUSTRALIA, 4P.",178056,GSWA IMS spots,632.3,0,,Check nearby IMS samples and reference docs for same site/project.
GSWA Geochronology,248205,MEDIUM,-31.51297600,116.20593100,U-PB ZIRCON,248205.1,IVANIC T.J.,"WINGATE, MTD, FIELDING, IOH, LU, Y AND IVANIC, TJ 2022, 248205: SILICICLASTIC SCHIST, JULIMAR PROSPECT; GEOCHRONOLOGY RECORD 1899: GEOLOGICAL SURVEY OF WESTERN AUSTRALIA, 8P.",203747,GSWA IMS spots,750.0,0,,Check nearby IMS samples and reference docs for same site/project.
GSWA Geochronology,178010,MEDIUM,-21.68895600,120.62126000,U-PB ZIRCON,178010.1,NELSON D.R.,"NELSON, DR 2005, 178010: LITHIC-QUARTZ SANDSTONE, MOUNT OLIVE; GEOCHRONOLOGY RECORD 549: GEOLOGICAL SURVEY OF WESTERN AUSTRALIA, 5P.",177252,GSWA IMS spots,982.6,0,,Check nearby IMS samples and reference docs for same site/project.
GSWA Geochronology,185997,MEDIUM,-29.05400600,118.13863000,U-PB ZIRCON,185997.1,WINGATE M.T.D.,"WINGATE, MTD, KIRKLAND, CL AND IVANIC, TJ 2015, 185997: GRANITIC GNEISS, TANDYS BORE; GEOCHRONOLOGY RECORD 1229: GEOLOGICAL SURVEY OF WESTERN AUSTRALIA, 3P.",185996,GSWA IMS spots,1057.4,0,,Check nearby IMS samples and reference docs for same site/project.
GSWA Geochronology,203735,MEDIUM,-31.30810300,121.76118500,U-PB ZIRCON,203735.1,SMITHIES R.H.,"WINGATE, MTD, FIELDING, IOH, LU, Y, CASSIDY, KF AND SMITHIES, RH 2022, 203735: PORPHYRITIC METAGRANODIORITE, LAKE LEFROY; GEOCHRONOLOGY RECORD 1880: GEOLOGICAL SURVEY OF WESTERN...",229913,GSWA IMS spots,1260.3,0,,Check nearby IMS samples and reference docs for same site/project.
GSWA Geochronology,214139,MEDIUM,-28.46849700,116.73902100,SHRIMP U-PB ZIRCON,214139.1,TOMKINS A.E.,"FIELDING, IOH, LU, Y, WINGATE, MTD AND ZIBRA, I 2023, 214139: MONZOGRANITE GNEISS, JOKER WELL; GEOCHRONOLOGY RECORD 1906: GEOLOGICAL SURVEY OF WESTERN AUSTRALIA, WA GEOLOGY ONLI...",214101,GSWA IMS spots,1477.2,0,,Check nearby IMS samples and reference docs for same site/project.
GSWA Geochronology,214138,MEDIUM,-28.46899700,116.73834100,SHRIMP U-PB ZIRCON,214138.1,TOMKINS A.E.,"FIELDING, IOH, LU, Y, WINGATE, MTD AND ZIBRA, I 2023, 214138: GRANODIORITE GNEISS, JOKER WELL; GEOCHRONOLOGY RECORD 1905: GEOLOGICAL SURVEY OF WESTERN AUSTRALIA, WA GEOLOGY ONLI...",214101,GSWA IMS spots,1516.5,0,,Check nearby IMS samples and reference docs for same site/project.
GSWA Geochronology,214315,MEDIUM,-28.70073500,116.66758600,SHRIMP U-PB ZIRCON,214315.1,FENWICK M.J.,"FIELDING, IOH, LU, Y, WINGATE, MTD AND ZIBRA, I 2023, 214315: METAGRANODIORITE DYKE, WOOLEY SPRING; GEOCHRONOLOGY RECORD 1907: GEOLOGICAL SURVEY OF WESTERN AUSTRALIA, WA GEOLOGY...",209689,GSWA IMS spots,1544.2,0,,Check nearby IMS samples and reference docs for same site/project.
GSWA Geochronology,112101,LOW,-22.61700700,122.29167000,U-PB ZIRCON,112101.1,NELSON D.R.,"NELSON, DR 1996, 112101: BIOTITE-EPIDOTE MONZOGRANITE GNEISS, LARRY CREEK; GEOCHRONOLOGY RECORD 522: GEOLOGICAL SURVEY OF WESTERN AUSTRALIA, 4P.",111854,GSWA IMS spots,2056.7,0,,Likely absent from current IMS exports; search source report/lab archive.
GSWA Geochronology,178054,LOW,-28.10510600,119.13571100,U-PB ZIRCON,178054.1,NELSON D.R.,"NELSON, DR 2005, 178054: FOLIATED BIOTITE GRANODIORITE, BELL CHAMBER WELL; GEOCHRONOLOGY RECORD 582: GEOLOGICAL SURVEY OF WESTERN AUSTRALIA, 4P.",169069,GSWA IMS spots,2062.9,0,,Likely absent from current IMS exports; search source report/lab archive.
GSWA Geochronology,245115,LOW,-30.59558500,121.60946900,U-PB ZIRCON,245115.1,SMITHIES R.H.,"WINGATE, MTD, FIELDING, IOH, LU, Y AND SMITHIES, RH 2021, 245115: PORPHYRITIC MICROGRANITE, KANOWNA CONSULS MINE; GEOCHRONOLOGY RECORD 1836: GEOLOGICAL SURVEY OF WESTERN AUSTRAL...",104958,GSWA IMS spots,2184.2,0,,Likely absent from current IMS exports; search source report/lab archive.
GSWA Geochronology,142832,LOW,-21.11032600,116.89107000,U-PB ZIRCON,142832.1,NELSON D.R.,"NELSON, DR 2000, 142832: METAMORPHOSED INTERMEDIATE ROCK, WHUNDO; GEOCHRONOLOGY RECORD 391: GEOLOGICAL SURVEY OF WESTERN AUSTRALIA, 4P.",142835,GSWA IMS spots,2236.5,0,,Likely absent from current IMS exports; search source report/lab archive.
GSWA Geochronology,222720,LOW,-29.04711800,120.51313600,U-PB ZIRCON,222720.1,DE PAOLI M.,"WINGATE, MTD, LU, Y, FIELDING, IOH AND DE PAOLI, M 2022, 222720: METAGABBRO, OBERWYL HILL; GEOCHRONOLOGY RECORD 1856: GEOLOGICAL SURVEY OF WESTERN AUSTRALIA, 4P.",96969082,GA IMS spots,2417.1,0,,Likely absent from current IMS exports; search source report/lab archive.
GSWA Geochronology,142984,LOW,-21.18506600,120.03055000,U-PB ZIRCON,142984.1,NELSON D.R.,"NELSON, DR 2000, 142984: PEGMATITE-BANDED, EVEN-GRAINED ORTHOGNEISS, TALGA WELL; GEOCHRONOLOGY RECORD 287: GEOLOGICAL SURVEY OF WESTERN AUSTRALIA, 4P.",169044,GSWA IMS spots,2526.6,0,,Likely absent from current IMS exports; search source report/lab archive.
GSWA Geochronology,222712,LOW,-29.00775700,120.51069300,U-PB ZIRCON,222712.1,DE PAOLI M.,"WINGATE, MTD, LU, Y, FIELDING, IOH AND DE PAOLI, M 2021, 222712: QUARTZITE, LAWLERS - MOUNT IDA ROAD; GEOCHRONOLOGY RECORD 1855: GEOLOGICAL SURVEY OF WESTERN AUSTRALIA, 4P.",96969082,GA IMS spots,2581.6,0,,Likely absent from current IMS exports; search source report/lab archive.
GSWA Geochronology,133384,LOW,-25.55822600,117.73509000,U-PB ZIRCON,133384.1,OCCHIPINTI S.A.,"FIELDING, IOH, WINGATE, MTD, FLETCHER, IR, RASMUSSEN, B, ZI, J-W AND SHEPPARD, S 2022, 133384: LEUCOGABBRO, THOMPSONS BORE; GEOCHRONOLOGY RECORD 1860: GEOLOGICAL SURVEY OF WESTE...",142851,GSWA IMS spots,2630.8,0,,Likely absent from current IMS exports; search source report/lab archive.
GSWA Geochronology,203736,LOW,-31.33310500,121.78038700,U-PB ZIRCON,203736.1,SMITHIES R.H.,"WINGATE, MTD, LU, Y, FIELDING, IOH, CASSIDY, KF AND SMITHIES, RH 2022, 203736: PORPHYRITIC METAGRANITIC ROCK, VICTORY DEPOSIT; GEOCHRONOLOGY RECORD 1852: GEOLOGICAL SURVEY OF WE...",112110,GSWA IMS spots,3066.5,0,,Likely absent from current IMS exports; search source report/lab archive.
GSWA Geochronology,245105,LOW,-30.61764400,121.56532900,U-PB ZIRCON,245105.1,SMITHIES R.H.,"WINGATE, MTD, FIELDING, IOH, LU, Y AND SMITHIES, RH 2021, 245105: VOLCANICLASTIC SANDSTONE, KANOWNA BELLE MINE; GEOCHRONOLOGY RECORD 1835: GEOLOGICAL SURVEY OF WESTERN AUSTRALIA...",104958,GSWA IMS spots,3179.1,0,,Likely absent from current IMS exports; search source report/lab archive.
GSWA Geochronology,178026,LOW,-23.86005700,115.67001000,U-PB ZIRCON,178026.1,SHEPPARD S.,"NELSON, DR 2005, 178026: MUSCOVITE-BIOTITE SYENOGRANITE, RUSSELL WELL; GEOCHRONOLOGY RECORD 535: GEOLOGICAL SURVEY OF WESTERN AUSTRALIA, 4P.",178027,GSWA IMS spots,3353.5,0,,Likely absent from current IMS exports; search source report/lab archive.
GSWA Geochronology,203740,LOW,-28.85809800,122.30533900,U-PB ZIRCON,203740.1,SMITHIES R.H.,"WINGATE, MTD, FIELDING, IOH, LU, Y, CASSIDY, KF AND SMITHIES, RH 2022, 203740: PORPHYRITIC METASYENITE, WALLABY MINE; GEOCHRONOLOGY RECORD 1883: GEOLOGICAL SURVEY OF WESTERN AUS...",203722,GSWA IMS spots,3624.1,0,,Likely absent from current IMS exports; search source report/lab archive.
GSWA Geochronology,227268,LOW,-28.19408700,116.68832000,U-PB ZIRCON,227268.1,IVANIC T.J.,"WINGATE, MTD, LU, Y, FIELDING, IOH AND IVANIC, TJ 2021, 227268: ALTERED VOLCANICLASTIC ROCK, WOOLGAH HILL; GEOCHRONOLOGY RECORD 1825: GEOLOGICAL SURVEY OF WESTERN AUSTRALIA, 4P.",207686,GSWA IMS spots,4191.6,0,,Likely absent from current IMS exports; search source report/lab archive.
GSWA Geochronology,178037,LOW,-21.23004600,119.88465000,U-PB ZIRCON,178037.1,NELSON D.R.,"NELSON, DR 2005, 178037: BIOTITE GRANODIORITE, NELSON WELL; GEOCHRONOLOGY RECORD 561: GEOLOGICAL SURVEY OF WESTERN AUSTRALIA, 4P.",169045,GSWA IMS spots,4265.9,0,,Likely absent from current IMS exports; search source report/lab archive.
GSWA Geochronology,235129,LOW,-27.63198700,122.27641300,U-PB ZIRCON,235129.1,BURLEY L.L.,"WINGATE, MTD, FIELDING, IOH, LU, Y AND GRECH, LL 2021, 235129: QUARTZ METADIORITE, DUKETON; GEOCHRONOLOGY RECORD 1833: GEOLOGICAL SURVEY OF WESTERN AUSTRALIA, 4P.",153317,GSWA IMS spots,4355.7,0,,Likely absent from current IMS exports; search source report/lab archive.
GSWA Geochronology,178066,LOW,-28.45376600,119.81092000,U-PB ZIRCON,178066.1,NELSON D.R.,"NELSON, DR 2005, 178066: RECRYSTALLIZED SANDSTONE, MINGA BORE; GEOCHRONOLOGY RECORD 593: GEOLOGICAL SURVEY OF WESTERN AUSTRALIA, 4P.",169075,GSWA IMS spots,4596.7,0,,Likely absent from current IMS exports; search source report/lab archive.
GSWA Geochronology,178065,LOW,-28.45395600,119.81041000,U-PB ZIRCON,178065.1,NELSON D.R.,"NELSON, DR 2005, 178065: RECRYSTALLIZED SANDSTONE, MINGA BORE; GEOCHRONOLOGY RECORD 592: GEOLOGICAL SURVEY OF WESTERN AUSTRALIA, 5P.",169075,GSWA IMS spots,4598.3,0,,Likely absent from current IMS exports; search source report/lab archive.
GSWA Geochronology,227224,LOW,-28.57789700,116.45796000,U-PB ZIRCON,227224.1,IVANIC T.J.,"WINGATE, MTD, FIELDING, IOH, LU, Y AND IVANIC, TJ 2021, 227224: TONALITE, EDAMURTA RANGE; GEOCHRONOLOGY RECORD 1803: GEOLOGICAL SURVEY OF WESTERN AUSTRALIA, 4P.",207670,GSWA IMS spots,4771.1,0,,Likely absent from current IMS exports; search source report/lab archive.
GSWA Geochronology,142933,LOW,-25.40629600,116.21742100,U-PB ZIRCON,142933.1,NELSON D.R.,"NELSON, DR 1999, 142933: BIO-HYPERSTHENE-CLINOPYROXENE-ANDESINE MAFIC GRANULITE, MEERAWANA BORE; GEOCHRONOLOGY RECORD 320: GEOLOGICAL SURVEY OF WESTERN AUSTRALIA, 4P.",142932,GSWA IMS spots,5089.0,0,,Likely absent from current IMS exports; search source report/lab archive.
GSWA Geochronology,181127,LOW,-23.71392600,122.48463900,U-PB ZIRCON,181127.1,HOCKING R.M.,"WINGATE, MTD AND BODORKOS, S 2007, 181127: QUARTZ SANDSTONE, DURBA HILLS; GEOCHRONOLOGY RECORD 682: GEOLOGICAL SURVEY OF WESTERN AUSTRALIA, 7P.",181126,GSWA IMS spots,5722.6,0,,Likely absent from current IMS exports; search source report/lab archive.
GSWA Geochronology,178052,LOW,-28.52065600,119.01653000,U-PB ZIRCON,178052.1,NELSON D.R.,"NELSON, DR 2005, 178052: BIOTITE MICROGRANODIORITE, YUINMERY HOMESTEAD; GEOCHRONOLOGY RECORD 581: GEOLOGICAL SURVEY OF WESTERN AUSTRALIA, 4P.",169068,GSWA IMS spots,5751.8,0,,Likely absent from current IMS exports; search source report/lab archive.
GSWA Geochronology,242455,LOW,-26.95863700,117.41976100,SHRIMP U-PB ZIRCON,242455.1,IVANIC T.J.,"ROMANO, SS, LU, Y, FIELDING, IOH AND IVANIC, TJ 2023, 242455.1: METAGRANODIORITE, MARDOONGANNA HILLS; GEOCHRONOLOGY RECORD 1919: GEOLOGICAL SURVEY OF WESTERN AUSTRALIA, WA GEOLO...",155569,GSWA IMS spots,5859.2,0,,Likely absent from current IMS exports; search source report/lab archive.
GSWA Geochronology,112112,LOW,-29.73619700,122.09312000,U-PB ZIRCON,112112.1,NELSON D.R.,"NELSON, DR 1995, 112112: K-FELDSPAR VOLCANIC ROCK, JUMP UP DAM; GEOCHRONOLOGY RECORD 510: GEOLOGICAL SURVEY OF WESTERN AUSTRALIA, 6P.",112175,GSWA IMS spots,6058.2,0,,Likely absent from current IMS exports; search source report/lab archive.
GSWA Geochronology,177916,LOW,-31.03107600,122.56081000,U-PB ZIRCON,177916.1,BODORKOS S.,"WINGATE, MTD AND BODORKOS, S 2007, 177916: METASILTSTONE, KARONIE MINE; GEOCHRONOLOGY RECORD 665: GEOLOGICAL SURVEY OF WESTERN AUSTRALIA, 4P.",98967008,GA IMS spots,6198.2,0,,Likely absent from current IMS exports; search source report/lab archive.
GSWA Geochronology,209650,LOW,-27.91631600,117.86721000,U-PB ZIRCON,209650.1,ZIBRA I.,"WINGATE, MTD, FIELDING, IOH, LU, Y AND ZIBRA, I 2021, 209650: METAGRANODIORITE VEIN, SUCCESS WELL; GEOCHRONOLOGY RECORD 1830: GEOLOGICAL SURVEY OF WESTERN AUSTRALIA, 4P.",155507,GSWA IMS spots,6608.7,0,,Likely absent from current IMS exports; search source report/lab archive.
GSWA Geochronology,209651,LOW,-27.91631600,117.86721000,U-PB ZIRCON,209651.1,ZIBRA I.,"WINGATE, MTD, FIELDING, IOH, LU, Y AND ZIBRA, I 2021, 209651: METAMONZOGRANITE, SUCCESS WELL; GEOCHRONOLOGY RECORD 1831: GEOLOGICAL SURVEY OF WESTERN AUSTRALIA, 4P.",155507,GSWA IMS spots,6608.7,0,,Likely absent from current IMS exports; search source report/lab archive.
GSWA Geochronology,230507,LOW,-28.32347600,121.06529000,U-PB ZIRCON,230507.1,SMITHIES R.H.,"WINGATE, MTD, FIELDING, IOH, LU, Y AND SAPKOTA, J 2022, 230507: METADACITE, JUNIOR HILL PROSPECT; GEOCHRONOLOGY RECORD 1886: GEOLOGICAL SURVEY OF WESTERN AUSTRALIA, 4P.",96969076,GA IMS spots,6722.0,0,,Likely absent from current IMS exports; search source report/lab archive.
GSWA Geochronology,230514,LOW,-28.32347600,121.06529000,U-PB ZIRCON,230514.1,SMITHIES R.H.,"WINGATE, MTD, FIELDING, IOH, LU, Y AND SAPKOTA, J 2022, 230514: METARHYOLITE, JUNIOR HILL PROSPECT; GEOCHRONOLOGY RECORD 838: GEOLOGICAL SURVEY OF WESTERN AUSTRALIA, 4P.",96969076,GA IMS spots,6722.0,0,,Likely absent from current IMS exports; search source report/lab archive.
GSWA Geochronology,212791,LOW,-27.98894600,120.45936000,U-PB ZIRCON,212791.1,ZIBRA I.,"WINGATE, MTD, LU, Y, FIELDING, IOH AND ZIBRA, I 2021, 212791: MONZOGRANITE GNEISS, NEW HOLLAND MINE; GEOCHRONOLOGY RECORD 1824: GEOLOGICAL SURVEY OF WESTERN AUSTRALIA, 4P.",182455,GSWA IMS spots,6730.8,0,,Likely absent from current IMS exports; search source report/lab archive.
GSWA Geochronology,229748,LOW,-27.99550600,120.45823000,SHRIMP U-PB ZIRCON,229748.1,ZIBRA I.,"ROMANO, SS, LU, Y, FIELDING, IOH, WINGATE, MTD AND ZIBRA, I 2023, 229748.1: TONALITIC GNEISS, NEW HOLLAND MINE; GEOCHRONOLOGY RECORD 1913: GEOLOGICAL SURVEY OF WESTERN AUSTRALIA...",182455,GSWA IMS spots,7091.6,0,,Likely absent from current IMS exports; search source report/lab archive.
GSWA Geochronology,195830,LOW,-25.61225600,117.73208100,U-PB ZIRCON,195830.1,JOHNSON S.P.,"FIELDING, IOH, WINGATE, MTD, FLETCHER, IR, RASMUSSEN, B, ZI, J-W AND JOHNSON, SP 2022, 195830: METAMONZOGRANITE, MOUNT SEABROOK; GEOCHRONOLOGY RECORD 1862: GEOLOGICAL SURVEY OF ...",142851,GSWA IMS spots,7664.6,0,,Likely absent from current IMS exports; search source report/lab archive.
GSWA Geochronology,222724,LOW,-28.97866700,120.56953100,U-PB ZIRCON,222724.1,DE PAOLI M.,"WINGATE, MTD, LU, Y, FIELDING, IOH AND SAPKOTA, J 2022, 222724: METAGRANODIORITE, GREGORY WELL; GEOCHRONOLOGY RECORD 1884: GEOLOGICAL SURVEY OF WESTERN AUSTRALIA, 4P.",96969082,GA IMS spots,8795.4,0,,Likely absent from current IMS exports; search source report/lab archive.
GSWA Geochronology,203733,LOW,-28.07779100,120.54344000,U-PB ZIRCON,203733.1,SMITHIES R.H.,"WINGATE, MTD, LU, Y, FIELDING, IOH, SMITHIES, RH AND CASSIDY, KF 2021, 203733: PORPHYRITIC GRANITIC ROCK, LAWLERS MINE; GEOCHRONOLOGY RECORD 1851: GEOLOGICAL SURVEY OF WESTERN A...",92969082,GA IMS spots,9063.1,0,,Likely absent from current IMS exports; search source report/lab archive.
GSWA Geochronology,201536,LOW,-29.13217700,118.30277000,U-PB ZIRCON,201536.1,SMITHIES R.H.,"WINGATE, MTD, FIELDING, IOH, LU, Y AND SMITHIES, RH 2021, 201536: METAMONZOGRANITE, FROGMORE BORE; GEOCHRONOLOGY RECORD 1822: GEOLOGICAL SURVEY OF WESTERN AUSTRALIA, 4P.",198213,GSWA IMS spots,9247.9,0,,Likely absent from current IMS exports; search source report/lab archive.
GSWA Geochronology,211111,LOW,-26.99699700,117.38136100,SHRIMP U-PB ZIRCON,211111.1,IVANIC T.J.,"ROMANO, SS, FIELDING, IOH, WINGATE, MTD, LU, Y AND IVANIC, TJ 2023, 211111.1: META-ANDESITE, MCCRAE BORE; GEOCHRONOLOGY RECORD 1910: GEOLOGICAL SURVEY OF WESTERN AUSTRALIA, WA G...",155569,GSWA IMS spots,9433.2,0,,Likely absent from current IMS exports; search source report/lab archive.
GSWA Geochronology,240118,LOW,-29.14646700,120.38222000,U-PB ZIRCON,240118.1,ZIBRA I.,"WINGATE, MTD, FIELDING, IOH, LU, Y AND ZIBRA, I 2021, 240118: METAMONZOGRANITE, MOUNT MASON; GEOCHRONOLOGY RECORD 1832: GEOLOGICAL SURVEY OF WESTERN AUSTRALIA, 4P.",96969016,GA IMS spots,10270.9,0,,Likely absent from current IMS exports; search source report/lab archive.
GSWA Geochronology,210217,LOW,-28.67595700,116.77510000,U-PB ZIRCON,210217.1,ZIBRA I.,"WINGATE, MTD, FIELDING, IOH, LU, Y AND ZIBRA, I 2021, 210217: METAMONZOGRANITE, SOUTH WELL; GEOCHRONOLOGY RECORD 1802: GEOLOGICAL SURVEY OF WESTERN AUSTRALIA, 4P.",155822,GSWA IMS spots,10587.3,0,,Likely absent from current IMS exports; search source report/lab archive.
GSWA Geochronology,231142,LOW,-28.17113400,119.50754600,SHRIMP U-PB ZIRCON,231142.1,IVANIC T.J.,"ROMANO, SS, LU, Y, FIELDING, IOH, WINGATE, MTD AND IVANIC, TJ 2023, 231142.1: HORNBLENDE-BIOTITE METAGRANODIORITE, MOUNT DWYER; GEOCHRONOLOGY RECORD 1914: GEOLOGICAL SURVEY OF W...",169070,GSWA IMS spots,12343.2,0,,Likely absent from current IMS exports; search source report/lab archive.
GSWA Geochronology,112159,LOW,-28.42602700,121.14381900,U-PB ZIRCON,112159.1,NELSON D.R.,"NELSON, DR 1995, 112159: PORPHYRITIC DACITE, ROYAL ARTHUR; GEOCHRONOLOGY RECORD 488: GEOLOGICAL SURVEY OF WESTERN AUSTRALIA, 5P.",211056,GSWA IMS spots,13059.9,0,,Likely absent from current IMS exports; search source report/lab archive.
GSWA Geochronology,235199,LOW,-27.53133800,122.28897300,U-PB ZIRCON,235199.1,BURLEY L.L.,"WINGATE, MTD, FIELDING, IOH, LU, Y AND GRECH, LL 2021, 235199: METADACITE, DUKETON; GEOCHRONOLOGY RECORD 1834: GEOLOGICAL SURVEY OF WESTERN AUSTRALIA, 5P.",153317,GSWA IMS spots,13613.5,0,,Likely absent from current IMS exports; search source report/lab archive.
GSWA Geochronology,242908,LOW,-21.88962000,116.07421600,U-PB ZIRCON,242908.1,MARTIN D.M.,"WINGATE, MTD, FIELDING, IOH, LU, Y AND MARTIN, DMCB 2021, 242908: TUFFACEOUS VOLCANIC ROCK, RED HILL MINE; GEOCHRONOLOGY RECORD 1819: GEOLOGICAL SURVEY OF WESTERN AUSTRALIA, 5P.",225735,GSWA IMS spots,13769.4,0,,Likely absent from current IMS exports; search source report/lab archive.
GSWA Geochronology,232522,LOW,-21.36565300,116.80806100,U-PB ZIRCON,232522.1,HOWARD H.M.,"WINGATE, MTD, FIELDING, IOH, LU, Y AND HOWARD, HM 2021, 232522: METAMONZOGRANITE, BALMORAL PROSPECT; GEOCHRONOLOGY RECORD 1817: GEOLOGICAL SURVEY OF WESTERN AUSTRALIA, 4P.",144993,GSWA IMS spots,14082.6,0,,Likely absent from current IMS exports; search source report/lab archive.
GSWA Geochronology,242683,LOW,-28.64607700,116.39351000,SHRIMP U-PB ZIRCON,242683.1,IVANIC T.J.,"WINGATE, MTD, LU, Y, FIELDING, IOH AND IVANIC, TJ 2024, 242683.1: METARHYOLITE, GOLDEN STREAM MINE; GEOCHRONOLOGY RECORD 1986: GEOLOGICAL SURVEY OF WESTERN AUSTRALIA, 5P.",207670,GSWA IMS spots,14376.8,0,,Likely absent from current IMS exports; search source report/lab archive.
GSWA Geochronology,236191,LOW,-30.71952700,122.57136000,U-PB ZIRCON,236191.1,SMITHIES R.H.,"WINGATE, MTD, LU, Y, FIELDING, IOH AND SMITHIES, RH 2022, 236191: METAGABBRO, BOMBORA PROSPECT; GEOCHRONOLOGY RECORD 1858: GEOLOGICAL SURVEY OF WESTERN AUSTRALIA, 4P.",112147,GSWA IMS spots,14440.0,0,,Likely absent from current IMS exports; search source report/lab archive.
GSWA Geochronology,203738,LOW,-28.94927900,122.35114400,U-PB ZIRCON,203738.1,SMITHIES R.H.,"WINGATE, MTD, FIELDING, IOH, LU, Y, CASSIDY, KF AND SMITHIES, RH 2022, 203738: PORPHYRITIC METASYENITE, LAKE CAREY; GEOCHRONOLOGY RECORD 1881: GEOLOGICAL SURVEY OF WESTERN AUSTR...",203722,GSWA IMS spots,14479.2,0,,Likely absent from current IMS exports; search source report/lab archive.
GSWA Geochronology,245122,LOW,-30.46829700,120.93580100,U-PB ZIRCON,245122.1,SMITHIES R.H.,"WINGATE, MTD, FIELDING, IOH, LU, Y AND SMITHIES, RH 2021, 245122: VOLCANICLASTIC SANDSTONE, CARBINE MINE; GEOCHRONOLOGY RECORD 1837: GEOLOGICAL SURVEY OF WESTERN AUSTRALIA, 5P.",104951,GSWA IMS spots,14716.9,0,,Likely absent from current IMS exports; search source report/lab archive.
GSWA Geochronology,236002,LOW,-31.02779700,121.92673800,U-PB ZIRCON,236002.1,SMITHIES R.H.,"WINGATE, MTD, LU, Y, FIELDING, IOH AND SMITHIES, RH 2022, 236002: METADACITE, DAISY MILANO MINE; GEOCHRONOLOGY RECORD 1857: GEOLOGICAL SURVEY OF WESTERN AUSTRALIA, 4P.",104940A,GSWA IMS spots,14963.8,0,,Likely absent from current IMS exports; search source report/lab archive.
GSWA Geochronology,203739,LOW,-28.95608300,122.34525300,U-PB ZIRCON,203739.1,SMITHIES R.H.,"WINGATE, MTD, FIELDING, IOH, LU, Y, CASSIDY, KF AND SMITHIES, RH 2022, 203739: FELSIC METAVOLCANIC ROCK, LAKE CAREY; GEOCHRONOLOGY RECORD 1882: GEOLOGICAL SURVEY OF WESTERN AUST...",203722,GSWA IMS spots,15040.3,0,,Likely absent from current IMS exports; search source report/lab archive.
GSWA Geochronology,245127,LOW,-30.99090600,121.44032000,U-PB ZIRCON,245127.1,SMITHIES R.H.,"WINGATE, MTD, FIELDING, IOH, LU, Y AND SMITHIES, RH 2021, 245127: PORPHYRITIC METADACITE, ELLEN DAM; GEOCHRONOLOGY RECORD 1838: GEOLOGICAL SURVEY OF WESTERN AUSTRALIA, 4P.",182288,GSWA IMS spots,15232.3,0,,Likely absent from current IMS exports; search source report/lab archive.
GSWA Geochronology,240481,LOW,-30.18159700,121.22383000,U-PB ZIRCON,240481.1,DE PAOLI M.,"WINGATE, MTD, LU, Y, FIELDING, IOH AND DE PAOLI, M 2022, 240481: PORPHYRITIC METADACITE, APHRODITE PROSPECT; GEOCHRONOLOGY RECORD 1859: GEOLOGICAL SURVEY OF WESTERN AUSTRALIA, 5P.",93901,GSWA IMS spots,15742.6,0,,Likely absent from current IMS exports; search source report/lab archive.
GSWA Geochronology,222651,LOW,-29.67561700,121.07404000,U-PB ZIRCON,222651.1,SAPKOTA J.,"WINGATE, MTD, LU, Y, FIELDING, IOH AND SAPKOTA, J 2022, 222651: METADACITE, MOUNT MENZIES; GEOCHRONOLOGY RECORD 1853: GEOLOGICAL SURVEY OF WESTERN AUSTRALIA, 4P.",112114,GSWA IMS spots,16156.2,0,,Likely absent from current IMS exports; search source report/lab archive.
GSWA Geochronology,225797,LOW,-21.71402700,116.05490000,U-PB ZIRCON,225797.1,MARTIN D.M.,"WINGATE, MTD, FIELDING, IOH, LU, Y AND MARTIN, DMCB 2021, 225797: PORPHYRITIC MICROGRANITE, THREE PEAK HILL; GEOCHRONOLOGY RECORD 1814: GEOLOGICAL SURVEY OF WESTERN AUSTRALIA, 4P.",225735,GSWA IMS spots,16540.2,0,,Likely absent from current IMS exports; search source report/lab archive.
GSWA Geochronology,177915,LOW,-31.04735600,122.21520000,U-PB ZIRCON,177915.1,NELSON D.R.,"WINGATE, MTD AND BODORKOS, S 2007, 177915: METASANDSTONE, RANDALLS MINE; GEOCHRONOLOGY RECORD 664: GEOLOGICAL SURVEY OF WESTERN AUSTRALIA, 5P.",104940A,GSWA IMS spots,16754.3,0,,Likely absent from current IMS exports; search source report/lab archive.
GSWA Geochronology,229285,LOW,-30.76732700,116.63516100,SHRIMP U-PB ZIRCON,229285.1,IVANIC T.J.,"ROMANO, SS, LU, Y, FIELDING, IOH, WINGATE, MTD AND IVANIC, TJ 2023, 229285.1: ACTINOLITE-BIOTITE SCHIST, MOUNT RUPERT; GEOCHRONOLOGY RECORD 1911: GEOLOGICAL SURVEY OF WESTERN AU...",205933,GSWA IMS spots,16790.2,0,,Likely absent from current IMS exports; search source report/lab archive.
GSWA Geochronology,112170,LOW,-33.93342600,120.03332900,U-PB ZIRCON,112170.1,NELSON D.R.,"NELSON, DR 1996, 112170: METASANDSTONE, BARRENS BEACH; GEOCHRONOLOGY RECORD 492: GEOLOGICAL SURVEY OF WESTERN AUSTRALIA, 3P.",112168,GSWA IMS spots,16958.2,0,,Likely absent from current IMS exports; search source report/lab archive.
GSWA Geochronology,242695,LOW,-28.64952700,116.35058000,U-PB ZIRCON,242695.1,IVANIC T.J.,"WINGATE, MTD, FIELDING, IOH, LU, Y AND IVANIC, TJ 2022, 242695: HORNBLENDE METAMONZONITE, OLIVERS WELL; GEOCHRONOLOGY RECORD 872: GEOLOGICAL SURVEY OF WESTERN AUSTRALIA, 4P.",207670,GSWA IMS spots,17271.2,0,,Likely absent from current IMS exports; search source report/lab archive.
GSWA Geochronology,178057,LOW,-27.89891700,119.54957000,U-PB ZIRCON,178057.1,NELSON D.R.,"NELSON, DR 2005, 178057: BIOTITE MONZOGRANITE, KURRAJONG WELL; GEOCHRONOLOGY RECORD 584: GEOLOGICAL SURVEY OF WESTERN AUSTRALIA, 4P.",178056,GSWA IMS spots,17593.2,0,,Likely absent from current IMS exports; search source report/lab archive.
GSWA Geochronology,211120,LOW,-28.67189700,116.37537000,U-PB ZIRCON,211120.1,IVANIC T.J.,"WINGATE, MTD, LU, Y, FIELDING, IOH AND IVANIC, TJ 2021, 211120: ALTERED BRECCIA, DEFLECTOR PROSPECT; GEOCHRONOLOGY RECORD 1823: GEOLOGICAL SURVEY OF WESTERN AUSTRALIA, 7P.",207670,GSWA IMS spots,17749.4,0,,Likely absent from current IMS exports; search source report/lab archive.
GSWA Geochronology,211118,LOW,-28.67316700,116.37715000,SHRIMP U-PB ZIRCON,211118.1,IVANIC T.J.,"ROMANO, SS, WINGATE, MTD, LU, Y, FIELDING, IOH AND IVANIC, TJ 2023, 211118.1: LAMPROPHYRE DYKE, DEFLECTOR PROSPECT; GEOCHRONOLOGY RECORD 1930: GEOLOGICAL SURVEY OF WESTERN AUSTR...",207670,GSWA IMS spots,17777.4,0,,Likely absent from current IMS exports; search source report/lab archive.
GSWA Geochronology,229828,LOW,-31.99046200,121.89436200,U-PB ZIRCON,229828.1,SMITHIES R.H.,"WINGATE, MTD, FIELDING, IOH, LU, Y AND SMITHIES, RH 2022, 229828: FELDSPATHIC SANDSTONE, KILLALOE PROSPECT; GEOCHRONOLOGY RECORD 1885: GEOLOGICAL SURVEY OF WESTERN AUSTRALIA, 4P.",179669,GSWA IMS spots,18597.8,0,,Likely absent from current IMS exports; search source report/lab archive.
GSWA Geochronology,249438,LOW,-28.45429300,120.89008400,U-PB ZIRCON,249438.1,LOWREY J.R.,"WINGATE, MTD, FIELDING, IOH, LU, Y AND LOWREY, JR 2021, 249438: PORPHYRITIC MICROGRANITE, BANNOCKBURN MINE; GEOCHRONOLOGY RECORD 1839: GEOLOGICAL SURVEY OF WESTERN AUSTRALIA, 6P.",211056,GSWA IMS spots,18619.4,0,,Likely absent from current IMS exports; search source report/lab archive.
GSWA Geochronology,239798,LOW,-21.64177700,116.21074000,U-PB ZIRCON,239798.1,MARTIN D.M.,"WINGATE, MTD, FIELDING, IOH, LU, Y AND MARTIN, DMCB 2021, 239798: PORPHYRITIC DYKE, PANNAWONICA ROAD; GEOCHRONOLOGY RECORD 1818: GEOLOGICAL SURVEY OF WESTERN AUSTRALIA, 4P.",225735,GSWA IMS spots,19083.1,0,,Likely absent from current IMS exports; search source report/lab archive.
GSWA Geochronology,242407,LOW,-29.55401600,117.14659000,U-PB ZIRCON,242407.1,IVANIC T.J.,"WINGATE, MTD, FIELDING, IOH, LU, Y AND IVANIC, T 2021, 242407: METADACITE, BUNGEYE WELL; GEOCHRONOLOGY RECORD 1806: GEOLOGICAL SURVEY OF WESTERN AUSTRALIA, 4P.",198228,GSWA IMS spots,19455.3,0,,Likely absent from current IMS exports; search source report/lab archive.
GSWA Geochronology,229320,LOW,-27.76801600,117.13957000,SHRIMP U-PB ZIRCON,229320.1,IVANIC T.J.,"ROMANO, SS, LU, Y, FIELDING, IOH, WINGATE, MTD AND IVANIC, TJ 2023, 229320.1: METAMONZOGRANITE, ROSARY BORE; GEOCHRONOLOGY RECORD 1912: GEOLOGICAL SURVEY OF WESTERN AUSTRALIA, W...",99967141,GA IMS spots,19561.2,0,,Likely absent from current IMS exports; search source report/lab archive.
GSWA Geochronology,242652,LOW,-29.23660700,116.30364100,U-PB ZIRCON,242652.1,IVANIC T.J.,"WINGATE, MTD, FIELDING, IOH, LU, Y AND IVANIC, T 2021, 242652: FELSIC METAVOLCANIC ROCK, BOWGARDER HILLS; GEOCHRONOLOGY RECORD 1807: GEOLOGICAL SURVEY OF WESTERN AUSTRALIA, 5P.",219311,GSWA IMS spots,19686.6,0,,Likely absent from current IMS exports; search source report/lab archive.
GSWA Geochronology,238531,LOW,-27.71991600,117.13932000,U-PB ZIRCON,238531.1,ZIBRA I.,"WINGATE, MTD, FIELDING, IOH, LU, Y AND ZIBRA, I 2021, 238531: METAMONZOGRANITE, SCOTTIES BORE; GEOCHRONOLOGY RECORD 1804: GEOLOGICAL SURVEY OF WESTERN AUSTRALIA, 4P.",99967141,GA IMS spots,20234.1,0,,Likely absent from current IMS exports; search source report/lab archive.
GSWA Geochronology,242634,LOW,-29.16950700,116.21600000,SHRIMP U-PB ZIRCON,242634.1,IVANIC T.J.,"ROMANO, SS, WINGATE, MTD, LU, Y, FIELDING, IOH AND IVANIC, TJ 2023, 242634.1: HORNBLENDE–BIOTITE METAGRANODIORITE, KOOLANOOKA HILLS; GEOCHRONOLOGY RECORD 1938: GEOLOGICAL SURVEY...",219311,GSWA IMS spots,21850.0,0,,Likely absent from current IMS exports; search source report/lab archive.
GSWA Geochronology,242931,LOW,-22.47986800,116.51588800,U-PB ZIRCON,242931.1,MARTIN D.M.,"WINGATE, MTD, FIELDING, IOH, LU, Y, MARTIN, DMCB AND ALLEN, HJ 2022, 242931: VOLCANICLASTIC SILTSTONE, MOUNT BERRY; GEOCHRONOLOGY RECORD 1898: GEOLOGICAL SURVEY OF WESTERN AUSTR...",195891,GSWA IMS spots,23362.8,0,,Likely absent from current IMS exports; search source report/lab archive.
GSWA Geochronology,220109,LOW,-28.29906800,115.01669600,U-PB ZIRCON,220109.1,ALLEN H.J.,"WINGATE, MTD, LU, Y AND ALLEN, HJ 2021, 220109: SANDSTONE, WENDY 1; GEOCHRONOLOGY RECORD 1826: GEOLOGICAL SURVEY OF WESTERN AUSTRALIA, 9P.",181161,GSWA IMS spots,26576.7,0,,Likely absent from current IMS exports; search source report/lab archive.
GSWA Geochronology,220110,LOW,-28.29906800,115.01669600,U-PB ZIRCON,220110.1,ALLEN H.J.,"WINGATE, MTD, LU, Y AND ALLEN, HJ 2021, 220110: SANDSTONE, WENDY 1; GEOCHRONOLOGY RECORD 1827: GEOLOGICAL SURVEY OF WESTERN AUSTRALIA, 9P.",181161,GSWA IMS spots,26576.7,0,,Likely absent from current IMS exports; search source report/lab archive.
GSWA Geochronology,178058,LOW,-27.78419600,119.87342000,U-PB ZIRCON,178058.1,NELSON D.R.,"NELSON, DR 2005, 178058: BIOTITE MONZOGRANITE, NO. 1 BORE; GEOCHRONOLOGY RECORD 585: GEOLOGICAL SURVEY OF WESTERN AUSTRALIA, 4P.",95969787,GA IMS spots,28976.4,0,,Likely absent from current IMS exports; search source report/lab archive.
GSWA Geochronology,178064,LOW,-28.84506600,119.99953000,U-PB ZIRCON,178064.1,NELSON D.R.,"NELSON, DR 2005, 178064: COARSE SANDSTONE, THE STOCK WELL; GEOCHRONOLOGY RECORD 591: GEOLOGICAL SURVEY OF WESTERN AUSTRALIA, 5P.",97969082A,GA IMS spots,30028.4,0,,Likely absent from current IMS exports; search source report/lab archive.
GSWA Geochronology,248284,LOW,-32.16403700,118.45143000,SHRIMP U-PB ZIRCON,248284.2,IVANIC T.J.,"FIELDING, IOH, LU, Y, WINGATE, MTD AND IVANIC, TJ 2023, 248284: METAMONZOGRANITE, MERINO PROSPECT; GEOCHRONOLOGY RECORD 1908: GEOLOGICAL SURVEY OF WESTERN AUSTRALIA, WA GEOLOGY ...",250432,GSWA IMS spots,30361.5,0,,Likely absent from current IMS exports; search source report/lab archive.
GSWA Geochronology,242672,LOW,-29.37336700,116.35166100,U-PB ZIRCON,242672.1,IVANIC T.J.,"WINGATE, MTD, FIELDING, IOH, LU, Y AND IVANIC, T 2021, 242672: FELSIC METAVOLCANIC ROCK, SOLOMON ROAD; GEOCHRONOLOGY RECORD 1800: GEOLOGICAL SURVEY OF WESTERN AUSTRALIA, 4P.",219311,GSWA IMS spots,31850.5,0,,Likely absent from current IMS exports; search source report/lab archive.
GSWA Geochronology,242439,LOW,-29.10511700,116.09247100,SHRIMP U-PB ZIRCON,242439.1,IVANIC T.J.,"ROMANO, SS, LU, Y, FIELDING, IOH, WINGATE, MTD AND IVANIC, TJ 2023, 242439.1: GRANODIORITE GNEISS, MT MARVEL QUARRY; GEOCHRONOLOGY RECORD 1918: GEOLOGICAL SURVEY OF WESTERN AUST...",219311,GSWA IMS spots,32200.4,0,,Likely absent from current IMS exports; search source report/lab archive.
GSWA Geochronology,231258,LOW,-27.25874700,116.01437000,SHRIMP U-PB ZIRCON,231258.1,IVANIC T.J.,"ROMANO, SS, LU, Y, FIELDING, IOH, WINGATE, MTD AND IVANIC, TJ 2023, 231258.1: METAGRANODIORITE, STOCKYARD WELL; GEOCHRONOLOGY RECORD 1915: GEOLOGICAL SURVEY OF WESTERN AUSTRALIA...",105001,GSWA IMS spots,34081.5,0,,Likely absent from current IMS exports; search source report/lab archive.
GSWA Geochronology,242435,LOW,-29.34960700,116.63709100,SHRIMP U-PB ZIRCON,242435.1,IVANIC T.J.,"ROMANO, SS, LU, Y, FIELDING, IOH, WINGATE, MTD AND IVANIC, TJ 2023, 242435.1: METAMONZOGRANITE, DAMPERWAH HILLS; GEOCHRONOLOGY RECORD 1917: GEOLOGICAL SURVEY OF WESTERN AUSTRALI...",219311,GSWA IMS spots,35178.5,0,,Likely absent from current IMS exports; search source report/lab archive.
GSWA Geochronology,178059,LOW,-27.60178600,119.92951000,U-PB ZIRCON,178059.1,NELSON D.R.,"NELSON, DR 2005, 178059: BIOTITE MONZOGRANITE, MICHEL BORE; GEOCHRONOLOGY RECORD 586: GEOLOGICAL SURVEY OF WESTERN AUSTRALIA, 4P.",95969787,GA IMS spots,35581.8,0,,Likely absent from current IMS exports; search source report/lab archive.
GSWA Geochronology,242491,LOW,-26.85506700,116.82152100,SHRIMP U-PB ZIRCON,242491.1,IVANIC T.J.,"ROMANO, SS, WINGATE, MTD, LU, Y, FIELDING, IOH AND IVANIC, TJ 2023, 242491.1: METAMONZOGRANITE, PIABUBBA WELL; GEOCHRONOLOGY RECORD 1933: GEOLOGICAL SURVEY OF WESTERN AUSTRALIA,...",105018A,GSWA IMS spots,36552.9,0,,Likely absent from current IMS exports; search source report/lab archive.
GSWA Geochronology,242490,LOW,-26.84046700,117.02712100,SHRIMP U-PB ZIRCON,242490.1,IVANIC T.J.,"ROMANO, SS, WINGATE, MTD, LU, Y, FIELDING, IOH AND IVANIC, TJ 2023, 242490.1: METAMONZOGRANITE, WOGARA BORE; GEOCHRONOLOGY RECORD 1932: GEOLOGICAL SURVEY OF WESTERN AUSTRALIA, W...",105018A,GSWA IMS spots,36822.4,0,,Likely absent from current IMS exports; search source report/lab archive.
GSWA Geochronology,242405,LOW,-29.76106700,117.13968100,U-PB ZIRCON,242405.1,IVANIC T.J.,"WINGATE, MTD, FIELDING, IOH, LU, Y AND IVANIC, T 2021, 242405: METAMONZOGRANITE, MOUNT GIBSON MINE; GEOCHRONOLOGY RECORD 1805: GEOLOGICAL SURVEY OF WESTERN AUSTRALIA, 4P.",198228,GSWA IMS spots,37909.9,0,,Likely absent from current IMS exports; search source report/lab archive.
GSWA Geochronology,168983,LOW,-25.03392600,121.60648900,U-PB ZIRCON,168983.1,NELSON D.R.,"NELSON, DR 2002, 168983: METASANDSTONE, WELD SPRING; GEOCHRONOLOGY RECORD 155: GEOLOGICAL SURVEY OF WESTERN AUSTRALIA, 4P.",132415,GSWA IMS spots,39536.2,0,,Likely absent from current IMS exports; search source report/lab archive.
GSWA Geochronology,168973,LOW,-29.56668700,118.71486100,U-PB ZIRCON,168973.1,NELSON D.R.,"NELSON, DR 2001, 168973: BIOTITE MONZOGRANITE, KIM BORE; GEOCHRONOLOGY RECORD 177: GEOLOGICAL SURVEY OF WESTERN AUSTRALIA, 4P.",185990,GSWA IMS spots,39711.7,0,,Likely absent from current IMS exports; search source report/lab archive.
GSWA Geochronology,242492,LOW,-27.09192600,116.41048000,SHRIMP U-PB ZIRCON,242492.1,IVANIC T.J.,"ROMANO, SS, WINGATE, MTD, LU, Y, FIELDING, IOH AND IVANIC, TJ 2023, 242492.1: MIGMATITIC GNEISS, RESERVE WELL; GEOCHRONOLOGY RECORD 1934: GEOLOGICAL SURVEY OF WESTERN AUSTRALIA,...",105004,GSWA IMS spots,43589.3,0,,Likely absent from current IMS exports; search source report/lab archive.
GSWA Geochronology,242493,LOW,-27.09192600,116.41048000,SHRIMP U-PB ZIRCON,242493.1,IVANIC T.J.,"ROMANO, SS, WINGATE, MDT, LU, Y, FIELDING, IOH AND IVANIC, TJ 2023, 242493.1: METAGRANODIORITE DYKE, RESERVE WELL; GEOCHRONOLOGY RECORD 1935: GEOLOGICAL SURVEY OF WESTERN AUSTRA...",105004,GSWA IMS spots,43589.3,0,,Likely absent from current IMS exports; search source report/lab archive.
GSWA Geochronology,118990,LOW,-26.31286700,118.96829000,U-PB ZIRCON,118990.1,NELSON D.R.,"NELSON, DR 1997, 118990: SILICIFIED LAMINATED SHALE, REFERENDUM BORE; GEOCHRONOLOGY RECORD 435: GEOLOGICAL SURVEY OF WESTERN AUSTRALIA, 4P.",195871,GSWA IMS spots,44041.4,0,,Likely absent from current IMS exports; search source report/lab archive.
GSWA Geochronology,194754,LOW,-29.17301700,117.66264000,U-PB ZIRCON,194754.1,KIRKLAND C.L.,"WINGATE, MTD, FIELDING, IOH, LU, Y AND IVANIC, T 2021, 194754: METAMONZOGRANITE, DEEP WELL; GEOCHRONOLOGY RECORD 1821: GEOLOGICAL SURVEY OF WESTERN AUSTRALIA, 4P.",193979,GSWA IMS spots,45470.1,0,,Likely absent from current IMS exports; search source report/lab archive.
GSWA Geochronology,201514,LOW,-29.16907200,117.65323300,U-PB ZIRCON,201514.1,SMITHIES R.H.,"WINGATE, MTD, FIELDING, IOH, LU, Y AND SMITHIES, RH 2021, 201514: METAGRANODIORITE, DEEP WELL; GEOCHRONOLOGY RECORD 1801: GEOLOGICAL SURVEY OF WESTERN AUSTRALIA, 4P.",198228,GSWA IMS spots,45860.6,0,,Likely absent from current IMS exports; search source report/lab archive.
GSWA Geochronology,242498,LOW,-27.23697600,116.32647000,SHRIMP U-PB ZIRCON,242498.1,IVANIC T.J.,"ROMANO, SS, WINGATE, MTD, LU, Y, FIELDING, IOH AND IVANIC, TJ 2023, 242498.1: QUARTZITE, MUNGO POOL; GEOCHRONOLOGY RECORD 1937: GEOLOGICAL SURVEY OF WESTERN AUSTRALIA, WA GEOLOG...",105004,GSWA IMS spots,47558.6,0,,Likely absent from current IMS exports; search source report/lab archive.
GSWA Geochronology,242497,LOW,-27.23666600,116.32695000,SHRIMP U-PB ZIRCON,242497.1,IVANIC T.J.,"ROMANO, SS, WINGATE, MTD, LU, Y, FIELDING, IOH AND IVANIC, TJ 2023, 242497.1: HORNBLENDE–BIOTITE METAGRANODIORITE, MUNGO POOL; GEOCHRONOLOGY RECORD 1936: GEOLOGICAL SURVEY OF WE...",105004,GSWA IMS spots,47561.8,0,,Likely absent from current IMS exports; search source report/lab archive.
GSWA Geochronology,171773,LOW,-25.22820600,121.13618900,U-PB ZIRCON,171773.1,PIRAJNO F.,"NELSON, DR 2005, 171773: QUARTZ SANDSTONE, INGEBONG HILLS; GEOCHRONOLOGY RECORD 543: GEOLOGICAL SURVEY OF WESTERN AUSTRALIA, 4P.",149691,GSWA IMS spots,50221.8,0,,Likely absent from current IMS exports; search source report/lab archive.
GSWA Geochronology,231273,LOW,-27.61697700,115.73348100,SHRIMP U-PB ZIRCON,231273.1,IVANIC T.J.,"ROMANO, SS, LU, Y, FIELDING, IOH, WINGATE, MTD AND IVANIC, TJ 2023, 231273.1: METAGRANODIORITE, MARRIWALLEN SPRING; GEOCHRONOLOGY RECORD 1916: GEOLOGICAL SURVEY OF WESTERN AUSTR...",181111,GSWA IMS spots,53653.5,0,,Likely absent from current IMS exports; search source report/lab archive.
GSWA Geochronology,228446,LOW,-22.56081700,119.49278200,U-PB ZIRCON,228446.1,HOWARD H.M.,"WINGATE, MTD, LU, Y, FIELDING, IOH AND HOWARD, HM 2021, 228446: METAGRANODIORITE, ILBIANNA WELL; GEOCHRONOLOGY RECORD 1731: GEOLOGICAL SURVEY OF WESTERN AUSTRALIA, 4P.",178049,GSWA IMS spots,57143.2,0,,Likely absent from current IMS exports; search source report/lab archive.
GSWA Geochronology,226183,LOW,-20.56998600,123.25862000,U-PB ZIRCON,226183.1,DENT L.M.,"WINGATE, MTD, LU, Y AND DENT, LM 2021, 226183: SANDSTONE, NICOLAY 1; GEOCHRONOLOGY RECORD 1760: GEOLOGICAL SURVEY OF WESTERN AUSTRALIA, 7P.",135967,GSWA IMS spots,58088.6,0,,Likely absent from current IMS exports; search source report/lab archive.
GSWA Geochronology,226184,LOW,-20.56998600,123.25862000,U-PB ZIRCON,226184.1,DENT L.M.,"WINGATE, MTD, LU, Y AND DENT, LM 2021, 226184: SANDSTONE, NICOLAY 1; GEOCHRONOLOGY RECORD 1761: GEOLOGICAL SURVEY OF WESTERN AUSTRALIA, 8P.",135967,GSWA IMS spots,58088.6,0,,Likely absent from current IMS exports; search source report/lab archive.
GSWA Geochronology,226185,LOW,-20.56998600,123.25862000,U-PB ZIRCON,226185.1,DENT L.M.,"WINGATE, MTD, LU, Y AND DENT, LM 2021C, 226185: SANDSTONE, NICOLAY 1; GEOCHRONOLOGY RECORD 1762: GEOLOGICAL SURVEY OF WESTERN AUSTRALIA, 8P.",135967,GSWA IMS spots,58088.6,0,,Likely absent from current IMS exports; search source report/lab archive.
GSWA Geochronology,226186,LOW,-20.56998600,123.25862000,U-PB ZIRCON,226186.1,DENT L.M.,"WINGATE, MTD, LU, Y AND DENT, LM 2021, 226186: SANDSTONE, NICOLAY 1; GEOCHRONOLOGY RECORD 1763: GEOLOGICAL SURVEY OF WESTERN AUSTRALIA, 5P.",135967,GSWA IMS spots,58088.6,0,,Likely absent from current IMS exports; search source report/lab archive.
GSWA Geochronology,225756,LOW,-22.33116600,118.32157000,U-PB ZIRCON,225756.1,MARTIN D.M.,"WINGATE, MTD, FIELDING, IOH, LU, Y AND MARTIN, DMCB 2021, 225756: VOLCANICLASTIC ROCK, WITTENOOM GORGE; GEOCHRONOLOGY RECORD 1810: GEOLOGICAL SURVEY OF WESTERN AUSTRALIA, 6P.",228400,GSWA IMS spots,64695.2,0,,Likely absent from current IMS exports; search source report/lab archive.
GSWA Geochronology,225757,LOW,-22.33116600,118.32157000,U-PB ZIRCON,225757.1,MARTIN D.M.,"WINGATE, MTD, FIELDING, IOH, LU, Y AND MARTIN, DMCB 2021, 225757: VOLCANICLASTIC ROCK, WITTENOOM GORGE; GEOCHRONOLOGY RECORD 1811: GEOLOGICAL SURVEY OF WESTERN AUSTRALIA, 7P.",228400,GSWA IMS spots,64695.2,0,,Likely absent from current IMS exports; search source report/lab archive.
GSWA Geochronology,225760,LOW,-22.32652600,118.32814000,U-PB ZIRCON,225760.1,MARTIN D.M.,"WINGATE, MTD, FIELDING, IOH, LU, Y AND MARTIN, DMCB 2021, 225760: TUFFACEOUS VOLCANIC ROCK, WITTENOOM GORGE; GEOCHRONOLOGY RECORD 1813: GEOLOGICAL SURVEY OF WESTERN AUSTRALIA, 4P.",228400,GSWA IMS spots,65383.8,0,,Likely absent from current IMS exports; search source report/lab archive.
GSWA Geochronology,225758,LOW,-22.32646600,118.32813000,U-PB ZIRCON,225758.1,MARTIN D.M.,"WINGATE, MTD, FIELDING, IOH, LU, Y AND MARTIN, DMCB 2021, 225758: TUFFACEOUS VOLCANIC ROCK, WITTENOOM GORGE; GEOCHRONOLOGY RECORD 1812: GEOLOGICAL SURVEY OF WESTERN AUSTRALIA, 4P.",228400,GSWA IMS spots,65389.9,0,,Likely absent from current IMS exports; search source report/lab archive.
GSWA Geochronology,225819,LOW,-22.28701800,117.85171600,U-PB ZIRCON,225819.1,HOWARD H.M.,"WINGATE, MTD, FIELDING, IOH, LU, Y AND HOWARD, HM 2021, 225819: FELDSPATHIC SANDSTONE, SILVERGRASS PROSPECT; GEOCHRONOLOGY RECORD 1815: GEOLOGICAL SURVEY OF WESTERN AUSTRALIA, 4P.",142948,GSWA IMS spots,67620.5,0,,Likely absent from current IMS exports; search source report/lab archive.
GSWA Geochronology,225947,LOW,-22.28701800,117.85171600,U-PB ZIRCON,225947.1,HOWARD H.M.,"WINGATE, MTD, FIELDING, IOH, LU, Y AND HOWARD, HM 2021, 225947: ALTERED VOLCANICLASTIC ROCK, SILVERGRASS PROSPECT; GEOCHRONOLOGY RECORD 1816: GEOLOGICAL SURVEY OF WESTERN AUSTRA...",142948,GSWA IMS spots,67620.5,0,,Likely absent from current IMS exports; search source report/lab archive.
GSWA Geochronology,242442,LOW,-29.56764700,115.95687100,SHRIMP U-PB ZIRCON,242442.1,IVANIC T.J.,"ROMANO, SS, WINGATE, MTD, LU, Y, FIELDING, IOH AND IVANIC, TJ 2023, 242442.1: FELDSPATHIC GNEISS, PASSCHENDEELE FARM; GEOCHRONOLOGY RECORD 1931: GEOLOGICAL SURVEY OF WESTERN AUS...",219311,GSWA IMS spots,69443.7,0,,Likely absent from current IMS exports; search source report/lab archive.
GSWA Geochronology,215316,LOW,-30.54373300,116.05646100,U-PB ZIRCON,215316.1,HAINES P.W.,"WINGATE, MTD, LU, Y, FIELDING, IOH, HAINES, PW AND ALLEN, HJ 2022, 215316: METASANDSTONE, MIDLANDS ROAD; GEOCHRONOLOGY RECORD 1850: GEOLOGICAL SURVEY OF WESTERN AUSTRALIA, 8P.",205933,GSWA IMS spots,70283.6,0,,Likely absent from current IMS exports; search source report/lab archive.
GSWA Geochronology,203748,LOW,-34.94645600,117.85068600,SHRIMP U-PB ZIRCON,203748.1,WINGATE M.T.D.,"WINGATE, MTD, LU, Y AND FIELDING, IOH 2025, 203748.1: BIOTITE–HORNBLENDE METAMONZOGRANITE, WILLYUNG HILL; GEOCHRONOLOGY RECORD 1940: GEOLOGICAL SURVEY OF WESTERN AUSTRALIA, WA G...",184120,GSWA IMS spots,100328.9,0,,Likely absent from current IMS exports; search source report/lab archive.
